Stages_Data,,,,,
English,,,,,
Time,Miles,MPH,Watts,HR,RPM,Resistance,Relative Resistance,Incline
00:00,0.0000,9.86,42,0,64,9,38,0
00:01,0.0037,9.86,42,0,64,9,38,0
00:02,0.0075,9.86,42,0,64,9,38,0
00:03,0.0112,9.86,42,0,64,9,38,0
00:04,0.0143,9.86,42,0,63,9,38,0
00:05,0.0162,10.79,30,0,62,9,38,0
00:06,0.0193,10.79,31,0,63,8,33,0
00:07,0.0217,10.38,24,0,64,8,33,0
00:08,0.0242,10.71,26,0,66,8,33,0
00:09,0.0261,10.87,26,0,66,8,33,0
00:10,0.0292,10.71,25,0,65,8,33,0
00:11,0.0323,10.87,26,0,66,8,33,0
00:12,0.0354,10.87,25,0,65,8,33,0
00:13,0.0373,10.71,24,0,64,8,33,0
00:14,0.0398,10.54,23,0,62,8,33,0
00:15,0.0429,10.05,22,0,61,8,33,0
00:16,0.0447,9.88,22,0,61,8,33,0
00:17,0.0478,9.88,22,0,61,8,33,0
00:18,0.0510,9.88,22,0,61,8,33,0
00:19,0.0528,10.05,21,0,60,8,33,0
00:20,0.0559,9.88,21,95,59,8,33,0
00:21,0.0578,9.71,20,95,58,8,33,0
00:22,0.0603,9.55,21,95,59,8,33,0
00:23,0.0634,10.53,35,95,60,10,42,0
00:24,0.0659,10.71,35,95,60,10,42,0
00:25,0.0684,10.71,36,94,61,10,42,0
00:26,0.0702,10.88,37,94,62,10,42,0
00:27,0.0733,11.42,40,94,65,10,42,0
00:28,0.0771,11.60,40,94,65,10,42,0
00:29,0.0795,11.60,40,94,65,10,42,0
00:30,0.0814,11.60,41,94,66,10,42,0
00:31,0.0851,11.78,42,95,67,10,42,0
00:32,0.0882,11.96,42,96,67,10,42,0
00:33,0.0913,11.96,42,97,67,10,42,0
00:34,0.0951,11.60,40,97,65,10,42,0
00:35,0.0982,11.42,39,96,64,10,42,0
00:36,0.1007,11.23,39,96,64,10,42,0
00:37,0.1044,11.23,39,96,64,10,42,0
00:38,0.1063,11.42,41,96,66,10,42,0
00:39,0.1094,12.67,49,97,73,10,42,0
00:40,0.1118,13.03,49,98,73,10,42,0
00:41,0.1150,13.20,50,98,74,10,42,0
00:42,0.1174,13.20,50,98,74,10,42,0
00:43,0.1212,13.56,54,97,77,10,42,0
00:44,0.1243,13.74,54,97,77,10,42,0
00:45,0.1286,14.27,57,97,80,10,42,0
00:46,0.1317,14.27,57,95,80,10,42,0
00:47,0.1361,14.45,60,95,82,10,42,0
00:48,0.1404,14.63,60,95,82,10,42,0
00:49,0.1435,14.63,58,95,81,10,42,0
00:50,0.1466,14.45,57,95,80,10,42,0
00:51,0.1504,14.27,57,97,80,10,42,0
00:52,0.1547,14.27,57,97,80,10,42,0
00:53,0.1597,14.10,56,98,79,10,42,0
00:54,0.1622,13.92,56,98,79,10,42,0
00:55,0.1665,14.10,57,96,80,10,42,0
00:56,0.1703,14.27,62,95,84,10,42,0
00:57,0.1746,14.99,64,95,85,10,42,0
00:58,0.1771,15.17,64,94,85,10,42,0
00:59,0.1821,15.17,64,94,85,10,42,0
01:00,0.1864,14.99,62,95,84,10,42,0
01:01,0.1895,15.17,64,95,85,10,42,0
01:02,0.1939,15.17,64,97,85,10,42,0
01:03,0.1976,15.17,64,97,85,10,42,0
01:04,0.2026,15.17,62,98,84,10,42,0
01:05,0.2057,14.99,62,99,84,10,42,0
01:06,0.2094,14.81,61,99,83,10,42,0
01:07,0.2144,14.81,61,99,83,10,42,0
01:08,0.2175,14.81,60,99,82,10,42,0
01:09,0.2218,14.81,61,99,83,10,42,0
01:10,0.2243,14.81,62,99,84,10,42,0
01:11,0.2293,15.17,64,97,85,10,42,0
01:12,0.2324,15.17,64,97,85,10,42,0
01:13,0.2374,15.17,62,97,84,10,42,0
01:14,0.2405,14.99,61,98,83,10,42,0
01:15,0.2448,14.81,60,100,82,10,42,0
01:16,0.2492,14.81,60,100,82,10,42,0
01:17,0.2523,14.81,58,100,81,10,42,0
01:18,0.2572,14.45,58,100,81,10,42,0
01:19,0.2604,14.45,58,99,81,10,42,0
01:20,0.2647,14.63,62,99,84,10,42,0
01:21,0.2678,14.99,64,99,85,10,42,0
01:22,0.2722,15.35,65,100,86,10,42,0
01:23,0.2753,15.17,62,101,84,10,42,0
01:24,0.2796,14.99,61,102,83,10,42,0
01:25,0.2833,14.81,61,102,83,10,42,0
01:26,0.2877,14.81,61,102,83,10,42,0
01:27,0.2927,14.81,60,103,82,10,42,0
01:28,0.2952,14.63,60,104,82,10,42,0
01:29,0.2995,14.63,60,104,82,10,42,0
01:30,0.3026,14.63,60,104,82,10,42,0
01:31,0.3070,14.45,58,104,81,10,42,0
01:32,0.3107,14.45,58,105,81,10,42,0
01:33,0.3138,14.45,60,105,82,10,42,0
01:34,0.3194,14.81,62,105,84,10,42,0
01:35,0.3219,14.99,64,104,85,10,42,0
01:36,0.3268,15.17,64,105,85,10,42,0
01:37,0.3306,15.17,64,104,85,10,42,0
01:38,0.3349,14.99,62,104,84,10,42,0
01:39,0.3386,14.99,62,104,84,10,42,0
01:40,0.3430,15.17,64,104,85,10,42,0
01:41,0.3473,14.81,61,105,83,10,42,0
01:42,0.3505,14.81,61,105,83,10,42,0
01:43,0.3554,14.81,61,105,83,10,42,0
01:44,0.3579,14.81,60,106,82,10,42,0
01:45,0.3623,14.81,61,106,83,10,42,0
01:46,0.3654,14.81,62,105,84,10,42,0
01:47,0.3697,14.99,62,106,84,10,42,0
01:48,0.3747,14.99,61,106,83,10,42,0
01:49,0.3772,14.81,60,105,82,10,42,0
01:50,0.3821,14.81,61,104,83,10,42,0
01:51,0.3853,14.81,61,105,83,10,42,0
01:52,0.3902,14.81,61,106,83,10,42,0
01:53,0.3933,14.81,61,106,83,10,42,0
01:54,0.3977,14.63,60,106,82,10,42,0
01:55,0.4020,14.45,58,106,81,10,42,0
01:56,0.4051,14.45,57,105,80,10,42,0
01:57,0.4095,14.27,57,104,80,10,42,0
01:58,0.4120,14.27,58,104,81,10,42,0
01:59,0.4169,14.63,62,104,84,10,42,0
02:00,0.4200,14.99,62,104,84,10,42,0
02:01,0.4244,15.35,65,104,86,10,42,0
02:02,0.4275,15.35,64,105,85,10,42,0
02:03,0.4325,15.17,62,105,84,10,42,0
02:04,0.4356,14.63,60,105,82,10,42,0
02:05,0.4387,14.63,58,105,81,10,42,0
02:06,0.4430,14.45,58,105,81,10,42,0
02:07,0.4474,14.63,60,104,82,10,42,0
02:08,0.4505,14.45,60,103,82,10,42,0
02:09,0.4536,14.45,60,103,82,10,42,0
02:10,0.4580,14.27,57,103,80,10,42,0
02:11,0.4623,14.45,58,102,81,10,42,0
02:12,0.4654,14.45,58,102,81,10,42,0
02:13,0.4691,14.45,58,104,81,10,42,0
02:14,0.4729,14.63,60,105,82,10,42,0
02:15,0.4772,15.17,65,106,86,10,42,0
02:16,0.4803,15.35,66,106,87,10,42,0
02:17,0.4847,15.53,64,106,85,10,42,0
02:18,0.4890,14.63,58,107,81,10,42,0
02:19,0.4921,14.63,58,107,81,10,42,0
02:20,0.4959,14.63,57,107,80,10,42,0
02:21,0.4990,14.27,58,108,81,10,42,0
02:22,0.5039,14.63,61,107,83,10,42,0
02:23,0.5064,14.81,61,108,83,10,42,0
02:24,0.5108,14.63,60,108,82,10,42,0
02:25,0.5139,14.63,61,108,83,10,42,0
02:26,0.5182,14.81,60,108,82,10,42,0
02:27,0.5226,14.63,61,108,83,10,42,0
02:28,0.5251,14.81,60,108,82,10,42,0
02:29,0.5294,14.45,58,108,81,10,42,0
02:30,0.5325,14.45,60,108,82,10,42,0
02:31,0.5375,14.81,61,108,83,10,42,0
02:32,0.5406,14.81,61,109,83,10,42,0
02:33,0.5456,14.63,60,110,82,10,42,0
02:34,0.5487,14.45,58,110,81,10,42,0
02:35,0.5524,14.45,58,110,81,10,42,0
02:36,0.5574,14.45,58,110,81,10,42,0
02:37,0.5599,14.45,62,109,84,10,42,0
02:38,0.5642,15.17,64,109,85,10,42,0
02:39,0.5679,15.17,64,109,85,10,42,0
02:40,0.5729,15.35,65,109,86,10,42,0
02:41,0.5760,15.35,65,109,86,10,42,0
02:42,0.5804,15.17,64,109,85,10,42,0
02:43,0.5853,15.17,62,108,84,10,42,0
02:44,0.5884,14.99,62,108,84,10,42,0
02:45,0.5928,14.99,61,109,83,10,42,0
02:46,0.5959,14.81,61,109,83,11,46,-2
02:47,0.5996,15.45,48,109,84,11,46,-2
02:48,0.6034,15.83,51,109,87,11,46,-2
02:49,0.6083,16.20,51,110,87,11,46,-2
02:50,0.6133,16.01,50,111,86,11,46,-2
02:51,0.6170,16.01,50,111,86,11,46,-2
02:52,0.6220,15.83,49,112,85,11,46,-2
02:53,0.6251,15.64,49,113,85,11,46,-2
02:54,0.6282,15.83,50,113,86,11,46,-2
02:55,0.6338,16.01,50,114,86,11,46,-2
02:56,0.6369,16.01,51,114,87,11,46,-2
02:57,0.6431,16.58,52,113,89,11,46,-2
02:58,0.6462,16.39,51,113,88,11,46,-2
02:59,0.6506,16.20,50,114,86,11,46,-2
03:00,0.6543,16.20,52,115,88,11,46,-2
03:01,0.6593,16.39,51,115,87,11,46,-2
03:02,0.6624,16.20,51,114,87,11,46,-2
03:03,0.6667,16.01,50,114,86,11,46,-2
03:04,0.6723,16.01,50,114,86,11,46,-2
03:05,0.6761,16.01,50,114,86,11,46,-2
03:06,0.6792,16.01,48,114,84,11,46,-2
03:07,0.6841,15.64,49,114,85,11,46,-2
03:08,0.6885,16.01,50,113,86,11,46,-2
03:09,0.6922,15.83,49,113,85,11,46,-2
03:10,0.6966,15.83,49,114,85,11,46,-2
03:11,0.7021,15.83,49,115,85,11,46,-2
03:12,0.7059,15.83,49,115,85,11,46,-2
03:13,0.7090,15.83,48,115,84,11,46,-2
03:14,0.7146,15.83,51,116,86,10,42,-1
03:15,0.7183,15.35,51,116,86,10,42,-1
03:16,0.7220,15.35,50,116,85,10,42,-1
03:17,0.7264,15.17,49,116,84,10,42,-1
03:18,0.7289,14.99,49,116,84,10,42,-1
03:19,0.7338,15.17,50,116,85,10,42,-1
03:20,0.7369,15.17,51,116,86,10,42,-1
03:21,0.7413,15.35,51,116,86,10,42,-1
03:22,0.7444,15.35,51,115,86,10,42,-1
03:23,0.7494,15.35,51,115,86,10,42,-1
03:24,0.7531,15.35,49,114,84,10,42,-1
03:25,0.7575,15.17,50,114,85,10,42,-1
03:26,0.7612,15.17,50,114,85,10,42,-1
03:27,0.7662,15.35,51,114,86,10,42,-1
03:28,0.7699,15.35,50,114,85,10,42,-1
03:29,0.7748,15.17,50,114,85,10,42,-1
03:30,0.7780,15.35,51,114,86,10,42,-1
03:31,0.7829,15.35,52,113,87,10,42,-1
03:32,0.7860,15.53,52,113,87,10,42,-1
03:33,0.7904,15.35,51,113,86,10,42,-1
03:34,0.7935,15.35,52,113,87,10,42,-1
03:35,0.7978,15.71,54,113,89,10,42,-1
03:36,0.8028,15.88,54,114,89,10,42,-1
03:37,0.8065,15.71,53,113,88,10,42,-1
03:38,0.8096,15.71,53,114,88,10,42,-1
03:39,0.8146,15.71,53,114,88,10,42,-1
03:40,0.8196,15.53,52,114,87,10,42,-1
03:41,0.8221,15.35,49,114,84,10,42,-1
03:42,0.8264,15.35,49,114,84,10,42,-1
03:43,0.8314,14.81,49,114,84,10,42,-1
03:44,0.8345,15.17,51,115,86,10,42,-1
03:45,0.8389,15.35,51,115,86,10,42,-1
03:46,0.8420,15.35,51,114,86,10,42,-1
03:47,0.8476,15.35,51,114,86,10,42,-1
03:48,0.8507,15.35,52,113,87,10,42,-1
03:49,0.8550,15.53,51,113,86,10,42,-1
03:50,0.8594,15.53,50,113,85,10,42,-1
03:51,0.8625,15.17,51,113,86,10,42,-1
03:52,0.8674,15.35,50,113,85,10,42,-1
03:53,0.8712,15.35,50,114,85,10,42,-1
03:54,0.8761,15.35,50,114,85,10,42,-1
03:55,0.8792,15.35,50,114,85,10,42,-1
03:56,0.8836,15.53,52,115,87,10,42,-1
03:57,0.8873,15.53,52,115,87,10,42,-1
03:58,0.8917,15.35,52,115,87,10,42,-1
03:59,0.8948,15.53,51,116,86,10,42,-1
04:00,0.8991,15.35,50,116,85,10,42,-1
04:01,0.9035,15.35,50,116,85,10,42,-1
04:02,0.9066,15.35,50,115,85,10,42,-1
04:03,0.9116,15.17,49,114,84,10,42,-1
04:04,0.9147,15.17,49,114,84,10,42,-1
04:05,0.9196,14.63,47,114,82,10,42,-1
04:06,0.9221,12.49,36,114,70,10,42,-1
04:07,0.9252,12.49,55,114,70,10,42,1
04:08,0.9265,0.00,0,114,0,10,42,-0.5
04:09,0.9265,0.00,0,113.5,0,10,42,-0.5
04:10,0.9265,0.00,0,113,0,10,42,-0.5
04:11,0.9265,0.00,0,112,0,10,42,-0.5
04:12,0.9265,0.00,0,111,0,10,42,-0.5
04:13,0.9265,0.00,0,110.8,0,10,42,-0.5
04:14,0.9265,0.00,0,110.6,0,10,42,-0.5
04:15,0.9265,0.00,0,110.4,0,10,42,-0.5
04:16,0.9265,0.00,0,110.2,0,10,42,-0.5
04:17,0.9265,0.00,0,110,0,10,42,-0.5
04:18,0.9265,0.00,0,110,0,10,42,-0.25
04:19,0.9265,0.00,0,110,0,10,42,0
04:20,0.9265,0.00,0,111,0,10,42,0
04:21,0.9265,0.00,0,111.5,0,10,42,0
04:22,0.9265,0.00,0,112,0,10,42,0
04:23,0.9265,0.00,0,111,0,10,42,0
04:24,0.9265,0.00,0,111,0,10,43,0
04:25,0.9265,0.00,0,111,0,10,44,0
04:26,0.9265,0.00,0,111,0,11,44,0
04:27,0.9265,0.00,0,111,0,11,45,0
04:28,0.9265,0.00,0,111,0,11,46,0
04:29,0.9265,0.00,0,109,0,11,46,0
04:30,0.9265,0.00,0,109.5,0,11,46,0
04:31,0.9265,0.00,0,110,0,11,46,0
04:32,0.9265,0.00,30,110,50,11,46,0
04:33,0.9296,9.31,20,111,40,11,46,0
04:34,0.9302,6.70,31,110,51,11,46,0
04:35,0.9333,10.80,45,112,63,11,46,0
04:36,0.9352,12.29,51,112,68,11,46,0
04:37,0.9383,13.22,58,111,73,11,46,0
04:38,0.9414,13.78,60,109,74,11,46,0
04:39,0.9445,13.78,60,109,74,11,46,0
04:40,0.9495,13.60,58,108,73,11,46,0
04:41,0.9526,13.78,62,108,76,11,46,0
04:42,0.9569,14.34,67,109,79,11,46,0
04:43,0.9600,15.08,71,109,82,11,46,0
04:44,0.9644,15.27,70,108,81,11,46,0
04:45,0.9681,15.08,68,108,80,11,46,0
04:46,0.9706,14.90,68,108,80,11,46,0
04:47,0.9756,14.90,68,108,80,11,46,0
04:48,0.9793,14.90,71,108,82,11,46,0
04:49,0.9836,15.27,74,108,84,11,46,0
04:50,0.9867,15.64,76,107,85,11,46,0
04:51,0.9923,15.83,76,108,85,11,46,0
04:52,0.9961,15.83,76,109,85,11,46,0
04:53,0.9992,15.83,76,109,85,11,46,0
04:54,1.0048,15.83,78,110,86,11,46,0
04:55,1.0085,16.01,78,110,86,11,46,0
04:56,1.0128,16.20,79,111,87,11,46,0
04:57,1.0166,16.20,78,111,86,11,46,0
04:58,1.0190,16.01,76,112,85,11,46,0
04:59,1.0253,16.01,78,112,86,11,46,0
05:00,1.0290,16.20,81,112,88,11,46,0
05:01,1.0321,16.39,79,112,87,11,46,0
05:02,1.0377,16.20,78,112,86,11,46,0
05:03,1.0408,16.20,76,113,85,11,46,0
05:04,1.0458,16.01,78,113,86,11,46,0
05:05,1.0507,16.01,78,114,86,11,46,0
05:06,1.0545,16.01,76,113,85,11,46,0
05:07,1.0594,15.83,76,113,85,11,46,0
05:08,1.0625,15.83,76,113,85,11,46,0
05:09,1.0675,15.83,76,112,85,11,46,0
05:10,1.0706,15.83,76,112,85,11,46,0
05:11,1.0750,15.64,74,112,84,11,46,0
05:12,1.0793,15.27,70,111,81,11,46,0
05:13,1.0824,15.27,73,111,83,11,46,0
05:14,1.0855,15.45,74,111,84,11,46,0
05:15,1.0905,16.01,78,111,86,11,46,0
05:16,1.0942,16.01,78,111,86,11,46,0
05:17,1.0980,16.01,78,111,86,11,46,0
05:18,1.1036,16.01,78,112,86,11,46,0
05:19,1.1085,16.01,79,112,87,11,46,0
05:20,1.1116,16.20,78,112,86,11,46,0
05:21,1.1160,16.20,79,114,87,11,46,0
05:22,1.1197,16.20,78,115,86,11,46,0
05:23,1.1253,16.01,78,115,86,11,46,0
05:24,1.1290,16.01,78,114,86,11,46,0
05:25,1.1340,16.01,78,114,86,11,46,0
05:26,1.1390,16.01,78,113,86,11,46,0
05:27,1.1427,16.01,78,110,86,11,46,0
05:28,1.1471,16.01,99,111,86,11,46,1
05:29,1.1508,16.01,99,111,86,11,46,1
05:30,1.1558,15.83,97,112,85,11,46,1
05:31,1.1589,15.83,97,113,85,11,46,1
05:32,1.1638,15.83,101,113,87,11,46,1
05:33,1.1669,16.20,101,113,87,11,46,1
05:34,1.1725,16.20,101,115,87,11,46,1
05:35,1.1775,16.20,101,115,87,11,46,1
05:36,1.1812,16.20,101,115,87,11,46,1
05:37,1.1862,16.01,99,116,86,11,46,1
05:38,1.1905,16.01,78,116,86,11,46,0
05:39,1.1949,16.01,79,116,87,11,46,0
05:40,1.1974,16.20,81,117,88,11,46,0
05:41,1.2024,16.58,82,117,89,11,46,0
05:42,1.2061,16.58,82,118,89,11,46,0
05:43,1.2117,16.58,82,118,89,11,46,0
05:44,1.2166,16.39,81,119,88,11,46,0
05:45,1.2204,16.39,81,119,88,11,46,0
05:46,1.2247,16.39,81,119,88,11,46,0
05:47,1.2303,16.39,78,119,86,11,46,0
05:48,1.2340,16.01,79,119,87,11,46,0
05:49,1.2371,16.20,81,119,88,11,46,0
05:50,1.2421,16.58,84,120,90,11,46,0
05:51,1.2471,16.76,82,120,89,11,46,0
05:52,1.2508,16.58,82,120,89,11,46,0
05:53,1.2564,16.58,82,121,89,11,46,0
05:54,1.2595,16.39,81,121,88,11,46,0
05:55,1.2645,16.39,82,121,89,11,46,0
05:56,1.2682,16.58,82,122,89,11,46,0
05:57,1.2726,16.20,79,122,87,11,46,0
05:58,1.2763,16.93,98,122,87,12,50,0
05:59,1.2813,16.75,98,122,87,12,50,0
06:00,1.2850,17.14,102,122,89,12,50,0
06:01,1.2893,17.53,104,122,90,12,50,0
06:02,1.2943,17.53,102,122,89,12,50,0
06:03,1.2974,17.32,102,123,89,12,50,0
06:04,1.3024,17.14,100,123,88,12,50,0
06:05,1.3067,17.14,100,123,88,12,50,0
06:06,1.3117,17.14,100,123,88,12,50,0
06:07,1.3154,17.14,100,124,88,12,50,0
06:08,1.3204,16.75,96,124,86,12,50,0
06:09,1.3248,16.75,98,124,87,12,50,0
06:10,1.3291,16.93,98,124,87,12,50,0
06:11,1.3328,16.93,98,123,87,12,50,0
06:12,1.3384,16.93,98,123,87,12,50,0
06:13,1.3434,16.93,98,123,87,12,50,0
06:14,1.3484,16.93,96,123,86,12,50,0
06:15,1.3521,16.75,98,122,87,12,50,0
06:16,1.3571,16.93,98,123,87,12,50,0
06:17,1.3608,17.14,100,123,88,12,50,0
06:18,1.3658,17.14,96,123,86,12,50,0
06:19,1.3726,16.75,96,123,86,12,50,0
06:20,1.3763,16.75,98,123,87,12,50,0
06:21,1.3807,16.93,98,123,87,12,50,0
06:22,1.3850,17.14,100,123,88,12,50,0
06:23,1.3881,17.14,99,123.5,88,12,50,0
06:24,1.3912,17.14,98,124,87,12,50,0
06:25,1.3962,16.75,94,125,85,12,50,0
06:26,1.4006,16.55,94,125,85,12,50,0
06:27,1.4055,16.55,92,125,84,12,50,0
06:28,1.4105,16.35,92,125,84,12,50,0
06:29,1.4149,16.35,90,125,83,12,50,0
06:30,1.4198,16.16,94,125,85,12,50,0
06:31,1.4242,16.55,92,124,84,12,50,0
06:32,1.4270,16.45,91,124.5,84,12,50,0
06:33,1.4298,16.35,90,125,83,12,50,0
06:34,1.4341,16.16,94,125,85,12,50,0
06:35,1.4397,16.55,92,125,84,12,50,0
06:36,1.4441,16.35,94,125,85,12,50,0
06:37,1.4497,16.55,94,125,85,12,50,0
06:38,1.4546,16.55,94,125,85,12,50,0
06:39,1.4608,16.55,73,125,84,12,50,-1
06:40,1.4630,16.45,74,125,85,12,50,-1
06:41,1.4652,16.35,75,125,85,12,50,-1
06:42,1.4708,16.55,73,125,84,12,50,-1
06:43,1.4782,16.35,92,125,84,12,50,0
06:44,1.4801,16.35,91,125.5,84,12,50,0
06:45,1.4820,16.35,90,126,83,12,50,0
06:46,1.4876,16.16,94,126,85,12,50,0
06:47,1.4919,16.55,92,126,84,12,50,0
06:48,1.4956,16.35,92,126,84,12,50,0
06:49,1.5012,16.35,94,127,85,12,50,0
06:50,1.5056,16.55,92,127,84,12,50,0
06:51,1.5112,16.35,88,126,82,12,50,0
06:52,1.5155,15.96,88,126,82,12,50,0
06:53,1.5211,15.96,90,125,83,12,50,0
06:54,1.5233,16.06,90,125,83,12,50,0
06:55,1.5255,16.16,90,125,83,12,50,0
06:56,1.5298,16.16,90,124,83,12,50,0
06:57,1.5342,15.96,87,124,81,12,50,0
06:58,1.5391,15.77,85,123,80,12,50,0
06:59,1.5441,15.58,85,123,80,12,50,0
07:00,1.5485,15.58,85,123,80,12,50,0
07:01,1.5540,15.58,87,124,81,12,50,0
07:02,1.5565,15.67,87,123.5,81,12,50,0
07:03,1.5590,15.77,87,123,81,12,50,0
07:04,1.5646,15.77,90,123,83,12,50,0
07:05,1.5683,16.16,92,123,84,12,50,0
07:06,1.5727,16.35,88,122,82,12,50,0
07:07,1.5783,15.96,87,123,81,12,50,0
07:08,1.5833,15.96,88,123,82,12,50,0
07:09,1.5876,15.96,88,123,82,12,50,0
07:10,1.5920,15.96,88,123,82,12,50,0
07:11,1.5963,15.96,88,124,82,12,50,0
07:12,1.6019,15.96,88,124,82,12,50,0
07:13,1.6041,15.87,88,124,82,12,50,0
07:14,1.6062,15.77,87,124,81,12,50,0
07:15,1.6118,15.77,88,124,82,12,50,0
07:16,1.6162,15.96,88,124,82,12,50,0
07:17,1.6199,15.96,85,124,80,12,50,0
07:18,1.6255,15.58,85,124,80,12,50,0
07:19,1.6305,15.38,83,124,79,12,50,0
07:20,1.6348,15.38,81,125,78,12,50,0
07:21,1.6370,15.28,82,125,79,12,50,0
07:22,1.6392,15.19,83,125,79,12,50,0
07:23,1.6429,15.38,85,124,80,12,50,0
07:24,1.6473,15.58,83,124,79,12,50,0
07:25,1.6516,15.38,83,124,79,12,50,0
07:26,1.6566,15.38,85,124,80,12,50,0
07:27,1.6615,15.58,83,124,79,12,50,0
07:28,1.6659,15.19,78,123,76,12,50,0
07:29,1.6678,14.99,76,122.5,75,12,50,0
07:30,1.6696,14.80,74,122,74,12,50,0
07:31,1.6746,14.40,72,122,73,12,50,0
07:32,1.6796,14.21,72,122,73,12,50,0
07:33,1.6833,14.21,74,122,74,12,50,0
07:34,1.6870,14.40,74,122,74,12,50,0
07:35,1.6914,14.40,78,121,76,12,50,0
07:36,1.6957,14.80,78,122,76,12,50,0
07:37,1.7007,14.80,79,122,77,12,50,0
07:38,1.7050,14.99,79,122,77,12,50,0
07:39,1.7094,14.99,78,122,76,12,50,0
07:40,1.7113,14.89,77,122,76,12,50,0
07:41,1.7131,14.80,76,122,75,12,50,0
07:42,1.7175,14.60,76,122,75,12,50,0
07:43,1.7224,14.60,79,122,77,12,50,0
07:44,1.7262,14.99,79,122,77,12,50,0
07:45,1.7311,14.99,79,122,77,12,50,0
07:46,1.7342,14.99,79,123,77,12,50,0
07:47,1.7398,14.99,79,123,77,12,50,0
07:48,1.7442,14.99,79,123,77,12,50,0
07:49,1.7492,14.99,81,122,78,12,50,0
07:50,1.7513,15.09,83,122,79,12,50,0
07:51,1.7535,15.19,85,122,80,12,50,0
07:52,1.7579,15.58,85,122,80,12,50,0
07:53,1.7616,15.58,83,122,79,12,50,0
07:54,1.7666,15.38,81,122,78,12,50,0
07:55,1.7709,15.19,81,122,78,12,50,0
07:56,1.7753,15.19,85,122,80,12,50,0
07:57,1.7790,15.58,88,122,82,12,50,0
07:58,1.7846,15.96,90,123,83,12,50,0
07:59,1.7889,16.16,90,122,83,12,50,0
08:00,1.7927,16.16,88,122,82,12,50,0
08:01,1.7989,15.96,68,121,80,11,46,0
08:02,1.8010,15.43,66,121,79,11,46,0
08:03,1.8032,14.90,64,121,77,11,46,0
08:04,1.8069,14.34,61,119,75,11,46,0
08:05,1.8125,13.78,61,119,75,11,46,0
08:06,1.8156,13.97,67,119,79,11,46,0
08:07,1.8200,14.71,71,119,82,11,46,0
08:08,1.8225,14.99,71,119,82,11,46,0
08:09,1.8250,15.27,71,119,82,11,46,0
08:10,1.8287,15.27,68,119,80,11,46,0
08:11,1.8337,14.90,68,119,80,11,46,0
08:12,1.8374,14.90,68,119,80,11,46,0
08:13,1.8411,14.90,65,120,78,11,46,0
08:14,1.8461,14.53,65,120,78,11,46,0
08:15,1.8492,14.53,67,120,79,11,46,0
08:16,1.8542,14.71,65,120,78,11,46,0
08:17,1.8598,14.53,66,120,79,12,50,-1
08:18,1.8616,14.95,66,120,79,12,50,-1
08:19,1.8635,15.38,66,120,79,12,50,-1
08:20,1.8672,15.38,63,120,77,12,50,-1
08:21,1.8722,14.99,64,120,78,12,50,-1
08:22,1.8778,15.19,68,119,80,11,46,0
08:23,1.8800,15.04,68,119,80,11,46,0
08:24,1.8821,14.90,68,119,80,11,46,0
08:25,1.8865,14.90,65,119,78,11,46,0
08:26,1.8908,14.53,67,119,79,11,46,0
08:27,1.8958,14.90,68,120,80,11,46,0
08:28,1.8995,14.90,70,120,81,11,46,0
08:29,1.9042,14.99,69,120,81,11,46,0
08:30,1.9089,15.08,68,120,80,11,46,0
08:31,1.9116,14.99,68,120,80,11,46,0
08:32,1.9144,14.90,68,120,80,11,46,0
08:33,1.9182,14.90,68,120,80,11,46,0
08:34,1.9219,14.90,73,121,83,11,46,0
08:35,1.9269,15.45,74,121,84,11,46,0
08:36,1.9318,15.64,73,121,83,11,46,0
08:37,1.9343,15.55,73,121,83,11,46,0
08:38,1.9368,15.45,73,121,83,11,46,0
08:39,1.9405,15.45,71,121,82,11,46,0
08:40,1.9449,15.27,70,121,81,11,46,0
08:41,1.9492,15.08,70,121,81,11,46,0
08:42,1.9530,15.08,71,121,82,11,46,0
08:43,1.9573,15.27,71,121,82,11,46,0
08:44,1.9623,15.27,71,122,82,11,46,0
08:45,1.9673,15.27,70,122,81,11,46,0
08:46,1.9729,15.08,116,122,81,11,46,2
08:47,1.9753,15.08,116,122,81,11,46,2
08:48,1.9778,15.08,116,122,81,11,46,2
08:49,1.9822,15.08,116,123,81,11,46,2
08:50,1.9865,13.78,98,123,73,11,46,2
08:51,1.9896,13.60,118,122,82,11,46,2
08:52,1.9946,15.27,118,122,82,11,46,2
08:53,1.9983,15.27,120,121,83,11,46,2
08:54,2.0021,15.45,123,121,84,11,46,2
08:55,2.0070,15.45,118,122,82,11,46,2
08:56,2.0101,15.27,118,122,82,11,46,2
08:57,2.0151,15.27,116,122,81,11,46,2
08:58,2.0179,15.18,93,122.5,81,11,46,1
08:59,2.0207,15.08,70,123,81,11,46,0
09:00,2.0250,15.08,71,123,82,11,46,0
09:01,2.0294,15.27,74,123,84,11,46,0
09:02,2.0344,15.83,76,123,85,11,46,0
09:03,2.0387,15.83,74,124,84,11,46,0
09:04,2.0412,15.74,74,124,84,11,46,0
09:05,2.0437,15.64,73,124,83,11,46,0
09:06,2.0474,15.45,71,124,82,12,50,-1
09:07,2.0536,15.96,70,124,82,12,50,-1
09:08,2.0574,15.96,67,124,80,12,50,-1
09:09,2.0617,15.77,69,124,81,12,50,-1
09:10,2.0667,15.77,67,124,80,12,50,-1
09:11,2.0692,15.67,66,124,79,12,50,-1
09:12,2.0717,15.58,64,124,78,12,50,-1
09:13,2.0754,15.19,67,124,80,11,46,0
09:14,2.0816,15.08,73,124,83,11,46,0
09:15,2.0853,15.45,76,125,85,11,46,0
09:16,2.0906,15.64,76,125.5,85,11,46,0
09:17,2.0959,15.83,76,126,85,11,46,0
09:18,2.0987,15.92,77,126,86,11,46,0
09:19,2.1015,16.01,78,126,86,11,46,0
09:20,2.1058,16.01,78,126,86,11,46,0
09:21,2.1114,16.01,78,126,86,11,46,0
09:22,2.1158,16.01,78,126,86,11,46,0
09:23,2.1201,16.01,78,126,86,11,46,0
09:24,2.1251,15.83,73,127,83,11,46,0
09:25,2.1288,15.45,71,127,82,11,46,0
09:26,2.1313,15.36,71,127,82,11,46,0
09:27,2.1338,15.27,71,127,82,11,46,0
09:28,2.1419,15.27,73,127,83,11,46,0
09:29,2.1462,15.45,71,127,82,11,46,0
09:30,2.1484,15.45,72,127,83,11,46,0
09:31,2.1506,15.45,73,127,83,11,46,0
09:32,2.1555,15.45,76,127,85,11,46,0
09:33,2.1599,15.83,76,127,85,11,46,0
09:34,2.1642,15.83,76,127,85,11,46,0
09:35,2.1698,16.01,78,127,86,11,46,0
09:36,2.1720,16.01,77,127,86,11,46,0
09:37,2.1742,16.01,76,127,85,11,46,0
09:38,2.1785,15.83,74,127,84,11,46,0
09:39,2.1829,15.64,76,126,85,11,46,0
09:40,2.1878,16.01,79,127,87,11,46,0
09:41,2.1922,16.20,79,127,87,11,46,0
09:42,2.1959,16.20,76,128,85,11,46,0
09:43,2.2015,15.83,74,128,84,11,46,0
09:44,2.2059,15.64,74,128,84,11,46,0
09:45,2.2115,15.64,74,128,84,11,46,0
09:46,2.2152,15.64,74,130,84,11,46,0
09:47,2.2195,15.64,74,131,84,11,46,0
09:48,2.2245,15.64,76,131,85,11,46,0
09:49,2.2307,15.83,125,131,86,12,50,1
09:50,2.2329,16.29,125,131,86,12,50,1
09:51,2.2351,16.75,125,131,86,12,50,1
09:52,2.2394,16.75,125,131,86,12,50,1
09:53,2.2456,16.75,125,131,86,12,50,1
09:54,2.2500,16.75,125,131,86,12,50,1
09:55,2.2550,16.75,118,132,83,12,50,1
09:56,2.2593,16.16,118,132,83,12,50,1
09:57,2.2618,16.16,116,132,82,12,50,1
09:58,2.2643,16.16,113,132,81,12,50,1
09:59,2.2674,15.77,108,132,79,12,50,1
10:00,2.2724,15.19,106,132,78,11,46,0
10:01,2.2764,14.76,85,131.5,78,11,46,0
10:02,2.2804,14.34,64,131,77,11,46,0
10:03,2.2854,14.34,62,131,76,11,46,0
10:04,2.2891,14.15,62,130,76,11,46,0
10:05,2.2929,14.15,62,130,76,11,46,0
10:06,2.2972,14.15,60,130,74,11,46,0
10:07,2.3009,13.78,58,129,73,11,46,0
10:08,2.3034,13.69,58,129,73,11,46,0
10:09,2.3059,13.60,57,129,72,11,46,0
10:10,2.3096,13.40,58,129,73,11,46,0
10:11,2.3127,13.60,58,129,73,11,46,0
10:12,2.3171,13.60,57,129,72,11,46,0
10:13,2.3208,13.40,55,129,71,11,46,0
10:14,2.3252,13.22,55,128,71,11,46,0
10:15,2.3289,13.22,55,128,71,11,46,0
10:16,2.3311,13.22,56,128,72,11,46,0
10:17,2.3332,13.22,57,128,72,11,46,0
10:18,2.3370,13.40,57,128,72,11,46,0
10:19,2.3407,13.40,55,128,71,11,46,0
10:20,2.3444,13.22,55,127,71,11,46,0
10:21,2.3482,13.22,55,127,71,11,46,0
10:22,2.3525,13.22,54,126,70,11,46,0
10:23,2.3556,13.04,52,126,69,11,46,0
10:24,2.3600,12.84,52,126,69,11,46,0
10:25,2.3637,12.84,54,127,70,11,46,0
10:26,2.3656,12.94,55,127,71,11,46,0
10:27,2.3674,13.04,55,127,71,11,46,0
10:28,2.3705,13.22,58,127,73,11,46,0
10:29,2.3761,13.60,47,127,73,12,50,-2
10:30,2.3799,14.21,47,127,73,12,50,-2
10:31,2.3848,14.21,46,127,72,12,50,-2
10:32,2.3898,14.02,95,126,72,11,46,2
10:33,2.3920,13.71,97,126.5,73,11,46,2
10:34,2.3941,13.40,98,127,73,11,46,2
10:35,2.3979,13.60,100,127,74,11,46,2
10:36,2.4028,13.78,102,127,75,11,46,2
10:37,2.4066,13.97,100,127,74,11,46,0
10:38,2.4122,13.78,60,127,74,11,46,0
10:39,2.4140,13.69,59,127,74,11,46,0
10:40,2.4159,13.60,58,127,73,11,46,0
10:41,2.4202,13.60,58,128,73,11,46,0
10:42,2.4240,13.60,58,128,73,11,46,0
10:43,2.4283,13.60,61,128,75,11,46,0
10:44,2.4320,13.97,64,128,77,11,46,0
10:45,2.4370,14.53,65,128,78,11,46,0
10:46,2.4407,14.53,65,128,78,11,46,0
10:47,2.4451,14.53,65,127,78,11,46,0
10:48,2.4494,14.53,67,128,79,11,46,0
10:49,2.4516,14.62,67,128,79,11,46,0
10:50,2.4538,14.71,67,128,79,11,46,0
10:51,2.4588,14.71,68,128,80,11,46,0
10:52,2.4631,14.90,68,128,80,11,46,0
10:53,2.4675,14.90,67,128,79,11,46,0
10:54,2.4718,14.71,67,127,79,11,46,0
10:55,2.4762,14.71,67,127,79,11,46,0
10:56,2.4805,14.71,70,127,81,11,46,0
10:57,2.4842,15.08,70,127,81,11,46,0
10:58,2.4867,15.08,70,126.5,81,11,46,0
10:59,2.4892,15.08,70,126,81,11,46,0
11:00,2.4936,15.08,73,127,83,11,46,0
11:01,2.4998,15.64,74,127,84,11,46,0
11:02,2.5047,15.64,71,128,82,11,46,0
11:03,2.5066,15.46,71,128,82,11,46,0
11:04,2.5085,15.27,70,128,81,11,46,0
11:05,2.5128,15.08,71,128,82,11,46,0
11:06,2.5178,15.27,71,129,82,11,46,0
11:07,2.5221,15.27,71,130,82,11,46,0
11:08,2.5271,15.27,73,129,83,11,46,0
11:09,2.5315,15.45,71,129,82,11,46,0
11:10,2.5358,15.08,67,129,79,11,46,0
11:11,2.5402,14.71,67,128,79,11,46,0
11:12,2.5433,14.71,65,128,78,11,46,0
11:13,2.5470,14.34,64,126,77,11,46,0
11:14,2.5495,14.24,63,126,76,11,46,0
11:15,2.5520,14.15,61,126,75,11,46,0
11:16,2.5563,13.97,62,126,76,11,46,0
11:17,2.5600,14.34,65,125,78,11,46,0
11:18,2.5644,14.90,68,126,80,11,46,0
11:19,2.5687,14.90,73,126,83,11,46,0
11:20,2.5725,15.45,73,127,83,11,46,0
11:21,2.5781,15.45,73,127,83,11,46,0
11:22,2.5824,15.45,73,128,83,11,46,0
11:23,2.5874,15.45,73,129,83,11,46,0
11:24,2.5896,15.45,73,129,83,11,46,0
11:25,2.5917,15.45,73,129,83,11,46,0
11:26,2.5955,15.45,74,130,84,11,46,0
11:27,2.6004,15.83,76,130,85,11,46,0
11:28,2.6060,15.83,73,131,83,11,46,0
11:29,2.6098,15.45,71,131,82,11,46,0
11:30,2.6141,15.27,71,132,82,11,46,0
11:31,2.6188,15.27,71,131.5,82,11,46,0
11:32,2.6234,15.27,71,131,82,11,46,0
11:33,2.6259,15.27,71,131,82,11,46,0
11:34,2.6284,15.27,71,131,82,11,46,0
11:35,2.6321,15.27,73,131,83,11,46,0
11:36,2.6365,15.45,73,131,83,11,46,0
11:37,2.6396,15.45,73,131,83,11,46,0
11:38,2.6458,15.45,76,130,85,11,46,0
11:39,2.6508,15.83,76,130,85,11,46,0
11:40,2.6545,15.64,73,130,83,11,46,0
11:41,2.6588,15.27,71,130,82,11,46,0
11:42,2.6613,15.27,71,130.5,82,11,46,0
11:43,2.6638,15.27,71,131,82,11,46,0
11:44,2.6694,15.27,73,130,83,11,46,0
11:45,2.6731,15.45,73,130,83,11,46,0
11:46,2.6775,15.45,71,131,82,11,46,0
11:47,2.6818,15.27,70,131,81,11,46,0
11:48,2.6856,15.08,70,131,81,11,46,0
11:49,2.6893,15.08,71,131,82,11,46,0
11:50,2.6936,15.27,71,131,82,11,46,0
11:51,2.6986,15.27,71,131,82,11,46,0
11:52,2.7036,15.27,71,131,82,11,46,0
11:53,2.7073,15.27,73,131,83,11,46,0
11:54,2.7095,15.36,72,131,83,11,46,0
11:55,2.7117,15.45,71,131,82,11,46,0
11:56,2.7160,15.27,71,131,82,11,46,0
11:57,2.7216,15.27,71,131,82,11,46,0
11:58,2.7253,15.08,70,131,81,11,46,0
11:59,2.7309,15.08,68,131,80,11,46,0
12:00,2.7347,14.90,68,131,80,11,46,0
12:01,2.7421,14.90,68,131,80,11,46,0
12:02,2.7434,14.90,70,131,81,11,46,0
12:03,2.7446,14.90,71,131,82,11,46,0
12:04,2.7496,15.27,71,131,82,11,46,0
12:05,2.7533,15.45,73,131,83,12,50,-1
12:06,2.7595,15.77,67,131,80,12,50,-1
12:07,2.7639,15.58,66,131,79,12,50,-1
12:08,2.7663,15.48,68,130.5,81,12,50,-1
12:09,2.7688,15.38,70,130,82,12,50,-1
12:10,2.7726,15.96,72,130,83,11,46,0
12:11,2.7788,15.64,74,130,84,11,46,0
12:12,2.7831,15.64,74,131,84,11,46,0
12:13,2.7868,15.45,73,131,83,11,46,0
12:14,2.7924,15.45,73,131,83,11,46,0
12:15,2.7968,15.45,76,132,85,11,46,0
12:16,2.7993,15.64,75,132,85,11,46,0
12:17,2.8018,15.83,74,132,84,11,46,0
12:18,2.8061,15.64,74,133,84,11,46,0
12:19,2.8111,15.64,78,134,86,11,46,0
12:20,2.8167,16.01,128,134,86,11,46,2
12:21,2.8192,16.11,129,134,87,11,46,2
12:22,2.8216,16.20,130,134,87,11,46,2
12:23,2.8254,16.39,132,134,88,11,46,2
12:24,2.8310,16.39,140,134,91,11,46,0
12:25,2.8359,16.94,85,134,91,11,46,0
12:26,2.8415,16.76,84,134,90,11,46,0
12:27,2.8459,16.76,82,134,89,11,46,0
12:28,2.8484,16.57,82,134,89,11,46,0
12:29,2.8509,16.39,81,134,88,11,46,0
12:30,2.8558,16.20,76,135,85,11,46,0
12:31,2.8602,15.83,73,136,83,11,46,0
12:32,2.8651,15.45,74,136,84,11,46,0
12:33,2.8689,15.64,78,136,86,11,46,0
12:34,2.8732,16.01,74,136,84,11,46,0
12:35,2.8776,15.64,73,136,83,11,46,0
12:36,2.8819,15.45,73,136,83,11,46,0
12:37,2.8850,15.45,98,136,84,11,46,1
12:38,2.8881,15.45,123,136,84,11,46,2
12:39,2.8925,15.64,128,136,86,11,46,2
12:40,2.8975,16.01,130,136,87,11,46,2
12:41,2.9009,16.11,105,136,87,11,46,1
12:42,2.9043,16.20,79,136,87,11,46,0
12:43,2.9086,16.20,79,136,87,11,46,0
12:44,2.9130,16.20,81,136,88,11,46,0
12:45,2.9186,16.39,81,136,88,11,46,0
12:46,2.9229,16.39,79,136,87,11,46,0
12:47,2.9273,16.20,76,136,85,11,46,0
12:48,2.9322,15.83,74,135,84,11,46,0
12:49,2.9372,15.64,76,135,85,11,46,0
12:50,2.9434,15.83,72,136,83,12,50,-1
12:51,2.9453,16.00,73,135.5,84,12,50,-1
12:52,2.9472,16.16,73,135,84,12,50,-1
12:53,2.9503,16.35,76,135,86,12,50,-1
12:54,2.9565,16.93,78,135,87,12,50,-1
12:55,2.9639,16.93,63,135,87,12,50,-2
12:56,2.9667,16.93,72,135.5,88,12,48,-1
12:57,2.9695,16.93,81,136,88,11,46,0
12:58,2.9739,16.39,82,137,89,11,46,0
12:59,2.9782,16.76,84,137,90,11,46,0
13:00,2.9838,16.76,81,138,88,11,46,0
13:01,2.9872,16.48,80,138,87,11,46,0
13:02,2.9907,16.20,78,138,86,11,46,0
13:03,2.9963,15.83,74,138,84,11,46,0
13:04,3.0006,15.64,78,138,86,11,46,0
13:05,3.0022,15.83,76,138,85,11,46,0
13:06,3.0037,16.01,74,138,84,11,46,0
13:07,3.0081,15.64,70,138,81,11,46,0
13:08,3.0136,15.08,93,138,83,11,46,1
13:09,3.0180,15.45,97,138,85,11,46,1
13:10,3.0223,16.01,99,139,86,11,46,1
13:11,3.0273,15.83,101,139,87,11,46,1
13:12,3.0317,16.20,105,139,89,11,46,1
13:13,3.0348,16.39,93,139,89,12,48,0
13:14,3.0379,16.58,81,139,89,12,50,-1
13:15,3.0429,17.32,78,139,87,12,50,-1
13:16,3.0491,16.93,97,139,85,11,46,1
13:17,3.0512,16.38,96,139,85,11,46,1
13:18,3.0534,15.83,95,139,84,11,46,1
13:19,3.0584,15.64,95,139,84,11,46,1
13:20,3.0627,15.64,93,139,83,11,46,1
13:21,3.0665,15.45,93,139,83,11,46,1
13:22,3.0727,15.45,179,139,83,11,46,4
13:23,3.0758,15.45,178,139,83,11,46,4
13:24,3.0789,15.45,176,139,82,11,46,4
13:25,3.0820,15.27,169,139,80,11,46,4
13:26,3.0870,14.90,179,139,83,11,46,4
13:27,3.0907,15.45,190,139,86,11,46,4
13:28,3.0963,16.01,186,140,85,11,46,4
13:29,3.0994,15.83,186,140,85,11,46,4
13:30,3.1044,16.01,186,140,85,11,46,4
13:31,3.1093,15.83,186,140,85,11,46,4
13:32,3.1137,15.83,190,140,86,11,46,4
13:33,3.1199,16.01,186,140,85,11,46,4
13:34,3.1218,15.92,185,140.5,85,11,46,4
13:35,3.1236,15.83,183,141,84,11,46,4
13:36,3.1286,15.64,179,141,83,11,46,4
13:37,3.1311,15.45,183,141,84,11,46,4
13:38,3.1367,15.64,183,141,84,11,46,4
13:39,3.1423,15.64,183,141,84,11,46,4
13:40,3.1460,15.64,183,142,84,11,46,4
13:41,3.1504,15.64,176,142,82,11,46,4
13:42,3.1553,15.27,70,142,82,12,50,-1
13:43,3.1584,15.52,68,142,81,12,50,-1
13:44,3.1615,15.77,66,142,79,12,50,-1
13:45,3.1653,15.38,61,142,76,12,50,-1
13:46,3.1702,14.80,57,141,73,12,50,-1
13:47,3.1740,14.21,56,141,72,12,50,-1
13:48,3.1761,14.12,57,141,73,12,50,-1
13:49,3.1783,14.02,57,141,73,12,50,-1
13:50,3.1820,14.21,63,141,77,12,50,-1
13:51,3.1864,15.19,66,141,79,12,50,-1
13:52,3.1907,15.38,64,141,78,12,50,-1
13:53,3.1945,15.19,67,141,80,12,50,-1
13:54,3.2025,15.58,128,141,86,11,46,2
13:55,3.2047,15.80,128,141.5,86,11,46,2
13:56,3.2069,16.01,128,142,86,11,46,2
13:57,3.2112,16.01,125,142,85,12,50,-1
13:58,3.2162,16.16,72,142,83,12,50,-1
13:59,3.2190,16.16,71,142,82,12,50,-1
14:00,3.2218,16.16,69,142,81,12,50,-1
14:01,3.2305,15.77,71,143,82,11,46,0
14:02,3.2324,15.52,71,143,82,11,46,0
14:03,3.2342,15.27,70,143,81,11,46,0
14:04,3.2386,15.08,71,143,82,11,46,0
14:05,3.2423,15.27,76,143,85,11,46,0
14:06,3.2467,15.83,79,143,87,11,46,0
14:07,3.2523,16.01,76,143,85,11,46,0
14:08,3.2566,15.83,76,143,85,11,46,0
14:09,3.2603,15.83,78,143,86,11,46,0
14:10,3.2647,16.01,78,143,86,11,46,0
14:11,3.2715,16.01,123,144,84,11,46,2
14:12,3.2737,15.83,124,143.5,85,11,46,2
14:13,3.2759,15.64,125,143,85,11,46,2
14:14,3.2815,15.83,128,143,86,11,46,2
14:15,3.2846,16.01,128,143,86,11,46,2
14:16,3.2902,16.01,128,144,86,11,46,2
14:17,3.2930,16.01,127,144,86,11,46,2
14:18,3.2958,16.01,125,144,85,11,46,2
14:19,3.3001,15.83,125,144,85,11,46,2
14:20,3.3038,16.01,130,144,87,11,46,2
14:21,3.3088,16.20,135,144,89,11,46,2
14:22,3.3132,16.58,135,144,89,11,46,2
14:23,3.3169,16.58,132,144,88,11,46,2
14:24,3.3218,16.39,130,144,87,11,46,2
14:25,3.3268,16.01,125,144,85,11,46,2
14:26,3.3312,15.83,123,145,84,11,46,2
14:27,3.3361,15.64,120,144,83,11,46,2
14:28,3.3380,15.55,119,144,83,11,46,2
14:29,3.3399,15.45,118,144,82,11,46,2
14:30,3.3455,15.27,118,144,82,11,46,2
14:31,3.3517,15.27,118,144,82,11,46,2
14:32,3.3548,15.27,118,144,82,11,46,2
14:33,3.3598,15.08,113,144,80,11,46,2
14:34,3.3613,14.99,112,144,80,11,46,2
14:35,3.3629,14.90,111,144,79,11,46,2
14:36,3.3678,14.71,113,144,80,11,46,2
14:37,3.3716,14.90,113,144,80,11,46,2
14:38,3.3765,14.90,118,143,82,11,46,2
14:39,3.3803,15.27,118,144,82,11,46,2
14:40,3.3846,15.27,120,143,83,11,46,2
14:41,3.3883,15.45,118,144,82,11,46,2
14:42,3.3939,15.27,116,144,81,11,46,2
14:43,3.3977,15.08,113,144,80,11,46,2
14:44,3.3998,14.99,113,144,80,11,46,2
14:45,3.4020,14.90,113,144,80,11,46,2
14:46,3.4051,14.90,116,144,81,11,46,2
14:47,3.4095,15.08,118,144,82,11,46,2
14:48,3.4151,15.27,118,144,82,11,46,2
14:49,3.4188,15.27,120,144,83,11,46,2
14:50,3.4238,15.45,123,144,84,11,46,2
14:51,3.4281,15.45,118,145,82,11,46,2
14:52,3.4325,15.27,118,146,82,11,46,2
14:53,3.4346,15.27,118,146,82,11,46,2
14:54,3.4368,15.27,118,146,82,11,46,2
14:55,3.4412,15.27,118,146,82,11,46,2
14:56,3.4455,15.27,116,146,81,11,46,2
14:57,3.4499,15.08,116,146,81,11,46,2
14:58,3.4561,15.08,142,146,82,12,50,2
14:59,3.4598,15.96,136,146,80,12,50,2
15:00,3.4648,15.58,136,145,80,12,50,2
15:01,3.4685,15.58,142,145,82,12,50,2
15:02,3.4735,15.96,142,145,82,12,50,2
15:03,3.4759,15.96,159,145,82,12,48,3
15:04,3.4784,15.96,176,145,82,11,46,4
15:05,3.4834,15.27,172,145,81,11,46,4
15:06,3.4871,15.08,172,145,81,11,46,4
15:07,3.4921,15.08,176,145,82,11,46,4
15:08,3.4958,15.27,176,145,82,11,46,4
15:09,3.5002,15.27,176,145,82,11,46,4
15:10,3.5030,15.27,171,145.5,81,11,46,4
15:11,3.5058,15.27,166,146,79,11,46,4
15:12,3.5120,14.71,85,146,79,11,46,1
15:13,3.5157,14.71,85,146,79,11,46,1
15:14,3.5207,14.71,85,146,79,11,46,1
15:15,3.5250,14.71,85,146,79,11,46,1
15:16,3.5288,14.71,82,146,77,11,46,1
15:17,3.5309,14.52,81,146,77,11,46,1
15:18,3.5331,14.34,80,146,76,11,46,1
15:19,3.5368,14.15,84,146,78,11,46,1
15:20,3.5418,14.53,84,146,78,12,50,0
15:21,3.5480,15.19,83,146,79,12,50,0
15:22,3.5518,15.38,81,146,78,12,50,0
15:23,3.5561,15.19,81,146,78,12,50,0
15:24,3.5583,15.19,82,146,79,12,50,0
15:25,3.5605,15.19,83,146,79,12,50,0
15:26,3.5667,15.38,139,146,80,11,46,3
15:27,3.5704,14.90,136,146,79,11,46,3
15:28,3.5723,14.80,138,146,80,11,46,3
15:29,3.5741,14.71,139,146,80,11,46,3
15:30,3.5791,14.90,142,146,81,11,46,3
15:31,3.5866,15.08,75,147,73,11,46,1
15:32,3.5881,14.34,79,147,75,11,46,1
15:33,3.5897,13.60,82,147,77,11,46,1
15:34,3.5953,14.34,85,147,79,11,46,1
15:35,3.5984,14.71,93,147,83,11,46,1
15:36,3.6027,15.45,93,147,83,11,46,1
15:37,3.6071,15.45,89,147,81,11,46,1
15:38,3.6108,15.08,87,147,80,11,46,1
15:39,3.6151,14.90,87,148,80,11,46,1
15:40,3.6195,14.71,85,148,79,11,46,1
15:41,3.6238,14.71,84,148,78,11,46,1
15:42,3.6257,14.62,83,148,78,11,46,1
15:43,3.6276,14.53,82,148,77,11,46,1
15:44,3.6325,14.34,82,147,77,11,46,1
15:45,3.6369,14.34,84,148,78,11,46,1
15:46,3.6400,14.53,85,148,79,11,46,1
15:47,3.6456,14.71,87,148,80,11,46,1
15:48,3.6499,14.90,87,147,80,11,46,1
15:49,3.6537,14.90,85,147,79,11,46,1
15:50,3.6586,14.71,85,147,79,11,46,1
15:51,3.6624,14.71,84,148,78,11,46,1
15:52,3.6642,14.62,83,147.5,78,11,46,1
15:53,3.6661,14.53,82,147,77,11,46,1
15:54,3.6711,14.34,84,148,78,11,46,1
15:55,3.6760,14.53,84,148,78,11,46,1
15:56,3.6804,14.53,82,148,77,11,46,1
15:57,3.6841,14.34,82,148,77,11,46,1
15:58,3.6878,14.34,85,148,79,11,46,3
15:59,3.6913,14.52,110,148,79,11,46,3
16:00,3.6947,14.71,134,148,78,11,46,3
16:01,3.6984,14.53,134,148,78,11,46,3
16:02,3.7034,14.53,134,148,78,11,46,3
16:03,3.7065,14.53,134,148,78,11,46,3
16:04,3.7114,14.71,139,148,80,11,46,3
16:05,3.7158,14.90,139,148,80,11,46,3
16:06,3.7208,14.90,139,148,80,11,46,3
16:07,3.7239,14.90,136,147,79,11,46,3
16:08,3.7264,14.80,135,147.5,79,11,46,3
16:09,3.7288,14.71,134,148,78,11,46,3
16:10,3.7344,14.53,81,147,78,12,50,0
16:11,3.7388,15.19,79,147,77,12,50,0
16:12,3.7425,14.99,79,148,77,12,50,0
16:13,3.7475,14.99,79,148,77,12,50,0
16:14,3.7525,15.19,81,148,78,12,50,0
16:15,3.7546,15.19,81,148,78,12,50,0
16:16,3.7568,15.19,81,148,78,12,50,0
16:17,3.7655,15.19,83,148,79,12,50,0
16:18,3.7677,15.28,84,147.5,80,12,48,0.5
16:19,3.7699,15.38,85,147,80,11,46,1
16:20,3.7755,15.08,89,147,81,11,46,1
16:21,3.7792,15.08,89,147,81,11,46,1
16:22,3.7835,15.08,89,147,81,11,46,1
16:23,3.7879,15.27,97,147,85,11,46,1
16:24,3.7904,15.55,96,147.5,85,11,46,1
16:25,3.7928,15.83,95,148,84,11,46,1
16:26,3.7966,15.64,93,148,83,11,46,1
16:27,3.8015,15.45,91,148,82,11,46,1
16:28,3.8059,15.27,91,149,82,11,46,1
16:29,3.8090,15.27,91,149,82,11,46,1
16:30,3.8146,15.27,89,149,81,11,46,1
16:31,3.8214,15.08,89,149,81,11,46,1
16:32,3.8233,15.08,88,149.5,81,11,44,2.5
16:33,3.8252,15.08,87,150,80,10,42,4
16:34,3.8308,14.27,142,149,80,10,42,4
16:35,3.8357,14.45,148,150,82,10,42,4
16:36,3.8379,14.54,148,150,82,10,42,4
16:37,3.8401,14.63,148,150,82,10,42,4
16:38,3.8450,14.63,145,150,81,9,38,6
16:39,3.8488,13.88,184,150,82,9,38,6
16:40,3.8531,14.05,180,150,81,9,38,6
16:41,3.8568,13.88,180,150,81,9,38,6
16:42,3.8590,13.88,180,150,81,9,38,6
16:43,3.8612,13.88,180,150,81,9,38,6
16:44,3.8655,13.88,173,150,79,9,38,6
16:45,3.8693,13.53,173,150,79,9,38,6
16:46,3.8742,13.53,176,150,80,11,46,1
16:47,3.8792,14.90,89,150,81,11,46,1
16:48,3.8836,15.08,87,150,80,11,46,1
16:49,3.8857,14.99,86,150,80,11,46,1
16:50,3.8879,14.90,85,150,79,11,46,1
16:51,3.8916,14.71,84,150,78,11,46,1
16:52,3.8972,14.53,104,150,76,11,46,2
16:53,3.9010,14.15,98,150,73,11,46,2
16:54,3.9053,13.78,104,150,76,11,46,2
16:55,3.9097,14.15,109,149,78,11,46,2
16:56,3.9115,14.34,109,149,78,11,46,1
16:57,3.9134,14.53,109,149,78,11,46,0
16:58,3.9209,14.53,65,149,78,11,46,0
16:59,3.9233,14.53,65,149,78,11,46,0
17:00,3.9283,14.53,65,149,78,11,46,0
17:01,3.9345,14.71,54,149,79,12,50,-2
17:02,3.9373,15.04,55,148.5,80,12,50,-2
17:03,3.9401,15.38,55,148,80,12,50,-2
17:04,3.9438,15.58,57,148,82,12,50,-2
17:05,3.9494,16.16,58,148,83,12,50,-2
17:06,3.9538,16.16,58,148,83,12,50,-2
17:07,3.9588,16.16,58,148.5,83,12,50,-2
17:08,3.9637,16.16,57,149,82,12,50,-2
17:09,3.9675,15.96,58,148,83,12,50,-2
17:10,3.9703,16.16,60,148.5,84,12,48,-0.5
17:11,3.9730,16.35,61,149,85,11,46,1
17:12,3.9786,15.83,97,149,85,11,46,1
17:13,3.9842,15.83,99,149,86,11,46,1
17:14,3.9886,16.01,99,149,86,11,46,1
17:15,3.9908,16.01,99,149,86,11,46,1
17:16,3.9929,16.01,99,149,86,11,46,1
17:17,4.0010,15.64,95,148,84,11,46,2
17:18,4.0038,15.46,107,148,83,11,46,2
17:19,4.0066,15.27,118,148,82,11,46,2
17:20,4.0128,15.27,93,149,83,11,46,1
17:21,4.0150,15.36,93,149,83,11,46,1
17:22,4.0172,15.45,93,149,83,11,46,1
17:23,4.0209,15.45,91,149,82,11,46,1
17:24,4.0271,15.27,151,149,84,11,46,3
17:25,4.0299,15.46,155,149,86,11,46,3
17:26,4.0327,15.64,159,149,87,11,46,3
17:27,4.0364,16.20,148,149,83,11,46,3
17:28,4.0414,15.27,139,149,80,11,46,3
17:29,4.0451,14.90,139,149,80,11,46,3
17:30,4.0495,14.90,142,149,81,10,42,5
17:31,4.0535,14.86,165,149,83,10,42,5
17:32,4.0576,14.81,187,149,84,10,42,5
17:33,4.0619,14.99,180,150,82,10,42,5
17:34,4.0656,14.63,190,151,85,10,42,5
17:35,4.0684,14.90,190,151,85,10,42,5
17:36,4.0712,15.17,190,151,85,10,42,5
17:37,4.0750,15.17,187,152,84,10,42,5
17:38,4.0787,14.99,180,152,82,10,42,5
17:39,4.0830,14.63,176,152,81,10,42,5
17:40,4.0868,14.45,180,152,82,10,42,5
17:41,4.0948,14.63,183,152,83,10,42,5
17:42,4.0973,14.72,185,151.5,84,10,42,5
17:43,4.0998,14.81,187,151,84,10,42,5
17:44,4.1042,14.81,183,151,83,10,42,5
17:45,4.1085,14.81,183,151,83,10,42,5
17:46,4.1147,14.81,58,151,83,12,50,-2
17:47,4.1169,15.49,59,151,84,12,50,-2
17:48,4.1191,16.16,60,151,84,12,50,-2
17:49,4.1247,16.35,62,151,86,12,50,-2
17:50,4.1284,16.75,60,151,84,12,50,-2
17:51,4.1327,16.35,55,151,80,12,50,-2
17:52,4.1365,15.38,54,151,79,12,50,-2
17:53,4.1421,15.38,54,151,79,12,50,-2
17:54,4.1439,15.38,55,151,80,12,48,-1
17:55,4.1458,15.38,55,151,80,11,46,0
17:56,4.1514,15.27,71,151,82,11,46,0
17:57,4.1551,15.45,71,151,82,11,46,0
17:58,4.1607,15.27,72,150,83,12,50,-1
17:59,4.1635,15.72,72,150,83,12,50,-1
18:00,4.1663,16.16,72,150,83,12,50,-1
18:01,4.1731,16.16,70,150,82,12,50,-1
18:02,4.1793,15.96,71,150,82,11,46,0
18:03,4.1812,15.62,73,150,83,11,46,0
18:04,4.1831,15.27,74,150,84,11,46,0
18:05,4.1868,15.64,71,151,82,11,46,0
18:06,4.1918,15.27,87,150,80,11,46,1
18:07,4.1943,15.09,90,150,82,11,46,1
18:08,4.1967,14.90,93,150,83,11,46,1
18:09,4.2011,15.45,93,151,83,11,46,1
18:10,4.2061,15.27,97,151,85,11,46,1
18:11,4.2098,15.83,101,151,87,11,46,1
18:12,4.2141,16.20,103,151,88,11,46,2
18:13,4.2204,16.39,135,151,89,11,46,2
18:14,4.2231,16.48,135,151,89,11,46,2
18:15,4.2259,16.58,135,151,89,11,46,2
18:16,4.2303,16.58,135,150,89,11,46,2
18:17,4.2346,16.58,137,150,90,11,46,2
18:18,4.2402,16.76,137,150,90,11,46,2
18:19,4.2446,16.76,137,150,90,11,46,2
18:20,4.2502,16.76,140,150,91,11,46,2
18:21,4.2545,16.94,135,150,89,11,46,2
18:22,4.2583,16.58,128,150,86,11,46,2
18:23,4.2632,16.01,128,150,86,11,46,2
18:24,4.2676,16.01,128,151,86,11,46,2
18:25,4.2719,16.01,130,151,87,11,46,2
18:26,4.2775,16.20,128,151,86,11,46,2
18:27,4.2812,16.01,130,151,87,11,46,2
18:28,4.2840,16.11,130,151,87,11,46,2
18:29,4.2868,16.20,130,151,87,11,46,2
18:30,4.2912,16.20,130,151,87,11,46,2
18:31,4.2980,16.20,135,151,89,11,46,2
18:32,4.3036,16.39,162,151,89,12,50,2
18:33,4.3061,16.85,162,151,89,12,50,2
18:34,4.3086,17.32,162,151,89,12,50,2
18:35,4.3142,17.53,165,151,90,12,50,2
18:36,4.3185,17.53,165,151,90,12,50,2
18:37,4.3235,17.53,165,151,90,10,42,4
18:38,4.3297,15.88,165,151,88,10,42,4
18:39,4.3325,15.80,165,151,88,10,42,4
18:40,4.3353,15.71,165,151,88,10,42,4
18:41,4.3397,15.71,165,152,88,10,42,4
18:42,4.3434,15.71,165,152,88,10,42,4
18:43,4.3484,15.71,162,152,87,12,50,-2
18:44,4.3558,16.93,65,152,88,12,50,-2
18:45,4.3602,17.14,62,152,86,12,50,-2
18:46,4.3620,16.94,60,152,85,12,50,-2
18:47,4.3639,16.75,58,152,83,12,50,-2
18:48,4.3676,16.16,62,152,86,12,50,-2
18:49,4.3726,16.93,65,152,88,12,50,-2
18:50,4.3776,17.14,67,152,90,12,50,-2
18:51,4.3819,17.53,67,153,90,12,50,-2
18:52,4.3869,17.53,65,153,88,12,50,-2
18:53,4.3919,17.14,65,153,88,12,50,-2
18:54,4.3956,17.32,67,154,90,11,46,3
18:55,4.3996,17.32,122,154,92,11,46,3
18:56,4.4037,17.32,177,154,93,11,46,3
18:57,4.4086,17.32,171,154,91,11,46,3
18:58,4.4117,16.94,159,154,87,11,46,3
18:59,4.4167,16.20,151,155,84,11,46,3
19:00,4.4211,15.64,151,155,84,11,46,3
19:01,4.4260,15.83,162,155,88,11,46,3
19:02,4.4298,16.39,168,155,90,11,46,3
19:03,4.4322,16.57,168,155,90,11,46,3
19:04,4.4347,16.76,168,155,90,11,46,3
19:05,4.4397,16.76,162,155,88,11,46,3
19:06,4.4440,16.20,159,155,87,11,46,3
19:07,4.4490,16.01,156,155,86,11,46,3
19:08,4.4534,16.01,154,155,85,11,46,3
19:09,4.4577,15.83,156,155,86,11,46,3
19:10,4.4627,16.01,162,155,88,11,46,3
19:11,4.4670,16.39,165,155,89,11,46,3
19:12,4.4720,16.39,162,156,88,11,46,3
19:13,4.4757,16.39,162,155,88,11,46,3
19:14,4.4813,16.39,162,155,88,11,46,3
19:15,4.4835,16.39,164,155,89,11,46,3
19:16,4.4857,16.39,165,155,89,11,46,3
19:17,4.4906,16.58,168,156,90,11,46,3
19:18,4.4956,16.58,162,156,88,11,46,3
19:19,4.5000,16.39,162,156,88,11,46,3
19:20,4.5062,16.39,162,155,88,11,46,3
19:21,4.5105,16.39,162,156,88,11,46,3
19:22,4.5155,16.58,162,156,88,11,46,3
19:23,4.5199,16.39,159,157,87,11,46,3
19:24,4.5239,16.29,159,156.5,87,11,46,3
19:25,4.5279,16.20,159,156,87,11,46,3
19:26,4.5304,16.20,158,156,87,11,46,3
19:27,4.5329,16.20,156,156,86,11,46,3
19:28,4.5373,16.01,156,155,86,11,46,3
19:29,4.5416,16.01,156,156,86,11,46,3
19:30,4.5466,16.20,159,156,87,11,46,3
19:31,4.5565,16.20,156,156,86,11,46,3
19:32,4.5587,16.11,154,155.5,85,11,46,3
19:33,4.5609,16.01,151,155,84,11,46,3
19:34,4.5652,15.64,151,155,84,11,46,3
19:35,4.5708,15.64,99,156,86,11,46,1
19:36,4.5730,15.83,99,156,86,11,46,1
19:37,4.5752,16.01,99,156,86,11,46,1
19:38,4.5795,16.01,95,156,84,11,46,1
19:39,4.5832,15.64,97,156,85,11,46,1
19:40,4.5876,15.83,99,156,86,11,46,1
19:41,4.5926,16.01,97,156,85,11,46,1
19:42,4.5969,15.83,95,156,84,11,46,1
19:43,4.6031,15.83,125,156,85,11,46,2
19:44,4.6059,15.83,127,156.5,86,11,46,2
19:45,4.6087,15.83,128,157,86,11,46,2
19:46,4.6131,16.01,125,157,85,11,46,2
19:47,4.6174,15.83,125,157,85,11,46,2
19:48,4.6224,15.83,130,157,87,11,46,2
19:49,4.6261,16.20,135,157,89,11,46,2
19:50,4.6289,16.39,135,157,89,11,46,2
19:51,4.6317,16.58,135,157,89,11,46,2
19:52,4.6367,16.58,103,157,88,11,46,1
19:53,4.6423,16.39,99,157,86,11,46,1
19:54,4.6479,15.64,126,157,84,10,42,3
19:55,4.6500,15.31,126,157,84,10,42,3
19:56,4.6522,14.99,126,157,84,10,42,3
19:57,4.6572,14.99,128,158,85,10,42,3
19:58,4.6615,15.17,128,158,85,10,42,3
19:59,4.6671,15.17,128,158,85,10,42,3
20:00,4.6708,15.17,128,158,85,10,42,3
20:01,4.6764,15.17,128,158,85,10,42,3
20:02,4.6808,15.17,128,158,85,10,42,3
20:03,4.6845,15.17,128,158,85,10,42,3
20:04,4.6870,15.17,128,158,85,10,42,3
20:05,4.6895,15.17,128,158,85,10,42,3
20:06,4.6945,15.17,131,158,86,10,42,3
20:07,4.6994,15.35,128,158,85,10,42,3
20:08,4.7032,15.17,131,158,86,10,42,3
20:09,4.7075,15.35,128,158,85,10,42,3
20:10,4.7119,15.17,123,158,83,10,42,3
20:11,4.7156,14.81,126,158,84,10,42,3
20:12,4.7206,14.81,123,158,83,10,42,3
20:13,4.7249,14.81,126,158,84,10,42,3
20:14,4.7268,14.90,127,158,85,10,42,3
20:15,4.7286,14.99,128,158,85,10,42,3
20:16,4.7336,15.17,128,158,85,10,42,3
20:17,4.7392,15.17,75,158,85,12,50,-1
20:18,4.7442,16.55,73,158,84,12,50,-1
20:19,4.7491,16.16,73,157,84,12,50,-1
20:20,4.7541,16.35,73,157,84,12,50,-1
20:21,4.7585,16.35,72,157,83,12,50,-1
20:22,4.7634,16.16,70,157,82,12,50,-1
20:23,4.7656,16.06,70,157.5,82,12,50,-1
20:24,4.7678,15.96,70,158,82,12,50,-1
20:25,4.7728,15.96,72,157,83,12,50,-1
20:26,4.7771,16.16,70,158,82,12,50,-1
20:27,4.7814,15.96,72,158,83,12,50,-1
20:28,4.7889,16.16,120,158,83,11,46,2
20:29,4.7911,15.81,120,158,83,11,46,2
20:30,4.7933,15.45,120,158,83,11,46,2
20:31,4.7995,15.45,116,158,81,11,46,2
20:32,4.8016,15.27,134,157.5,89,11,46,2
20:33,4.8038,15.08,152,157,96,11,46,2
20:34,4.8094,17.88,152,157,96,11,46,2
20:35,4.8131,17.88,111,157,79,11,46,2
20:36,4.8194,14.90,87,157,80,11,46,1
20:37,4.8231,15.08,89,157,81,11,46,1
20:38,4.8287,15.08,87,157,80,11,46,1
20:39,4.8312,14.99,87,156.5,80,11,46,1
20:40,4.8336,14.90,87,156,80,11,46,1
20:41,4.8386,14.90,41,156,80,13,54,-4
20:42,4.8430,16.32,42,156,81,13,54,-4
20:43,4.8473,16.52,47,156,86,13,54,-4
20:44,4.8529,17.54,54,156,94,13,54,-4
20:45,4.8585,19.17,57,156,96,13,54,-4
20:46,4.8635,19.58,59,156,98,13,54,-4
20:47,4.8663,19.78,61,156,100,13,54,-4
20:48,4.8691,19.99,63,156,102,13,54,-4
20:49,4.8778,20.80,101,156,101,11,46,0
20:50,4.8834,18.81,101,156,101,11,46,0
20:51,4.8902,18.62,124,155,99,11,46,1
20:52,4.8933,18.62,124,154.5,99,11,46,1
20:53,4.8964,18.62,124,154,99,11,46,1
20:54,4.9014,18.44,122,154,98,11,46,0
20:55,4.9088,18.44,98,154,99,11,46,0
20:56,4.9138,18.44,98,154,99,11,46,0
20:57,4.9169,18.44,99,153.5,100,11,46,0
20:58,4.9200,18.44,100,153,100,11,46,0
20:59,4.9250,18.62,101,153,101,11,46,0
21:00,4.9300,18.44,96,154,98,11,46,0
21:01,4.9387,17.88,93,154,96,11,46,0
21:02,4.9436,17.88,93,154,96,11,46,0
21:03,4.9498,17.88,113,155,93,11,46,1
21:04,4.9520,17.60,112,154.5,93,11,46,1
21:05,4.9542,17.32,111,154,92,11,46,1
21:06,4.9592,17.14,109,154,91,11,46,1
21:07,4.9635,16.94,111,154,92,11,46,2
21:08,4.9669,16.94,126,154,92,11,46,2
21:09,4.9703,16.94,140,154,91,11,46,2
21:10,4.9747,16.94,137,155,90,11,46,2
21:11,4.9803,16.39,130,155,87,11,46,2
21:12,4.9853,16.20,130,155,87,10,42,3
21:13,4.9890,15.87,131,155,87,10,42,3
21:14,4.9927,15.53,131,155,86,10,42,3
21:15,4.9971,15.35,133,155,87,10,42,3
21:16,5.0014,15.53,133,155,87,10,42,3
21:17,5.0064,15.53,135,155,88,10,42,3
21:18,5.0107,15.71,135,156,88,10,42,3
21:19,5.0163,15.71,99,156,86,11,46,1
21:20,5.0185,15.86,99,156,86,11,46,1
21:21,5.0207,16.01,99,156,86,11,46,1
21:22,5.0263,16.01,95,155,84,11,46,1
21:23,5.0300,15.64,93,156,83,11,46,1
21:24,5.0356,15.45,93,155,83,11,46,1
21:25,5.0393,15.45,97,155,85,11,46,1
21:26,5.0418,15.64,97,155,85,11,46,1
21:27,5.0443,15.83,97,155,85,11,46,1
21:28,5.0486,15.83,97,155,85,11,46,1
21:29,5.0536,16.01,101,155,87,11,46,1
21:30,5.0580,16.20,101,155,87,11,46,1
21:31,5.0636,16.20,101,155,87,11,46,1
21:32,5.0691,16.20,97,155,85,11,46,1
21:33,5.0738,16.02,97,155,85,11,46,1
21:34,5.0785,15.83,97,155,85,11,46,1
21:35,5.0810,15.83,96,155,85,11,46,1
21:36,5.0834,15.83,95,155,84,11,46,1
21:37,5.0878,15.64,95,155,84,11,46,1
21:38,5.0940,15.64,123,155,84,11,46,2
21:39,5.0983,15.64,125,155,85,11,46,2
21:40,5.1033,15.83,130,155,87,11,46,2
21:41,5.1077,16.20,130,155,87,11,46,2
21:42,5.1120,16.20,132,155,88,11,46,2
21:43,5.1148,16.29,139,155,90,11,44,2.5
21:44,5.1176,16.39,146,155,92,10,42,3
21:45,5.1226,16.42,143,155,91,10,42,3
21:46,5.1276,16.24,140,155,90,10,42,3
21:47,5.1322,16.15,139,155,90,11,44,3
21:48,5.1369,16.06,138,155,89,11,46,3
21:49,5.1400,16.32,149,155,88,11,46,3
21:50,5.1431,16.58,159,155,87,11,46,3
21:51,5.1468,16.20,151,155,84,11,46,3
21:52,5.1505,15.64,139,155,80,11,46,3
21:53,5.1549,14.90,131,155,77,11,46,3
21:54,5.1586,14.34,123,154,74,11,46,3
21:55,5.1630,13.78,129,154,76,11,46,3
21:56,5.1667,14.15,131,154,77,11,46,3
21:57,5.1686,14.24,135,154,79,11,46,3
21:58,5.1704,14.34,139,154,80,11,46,3
21:59,5.1760,14.90,142,154,81,11,46,3
22:00,5.1810,15.08,148,154,83,11,46,3
22:01,5.1860,15.45,159,154,87,11,46,3
22:02,5.1909,16.20,159,154,87,11,46,3
22:03,5.1928,16.20,158,154,87,11,46,3
22:04,5.1947,16.20,156,154,86,11,46,3
22:05,5.1996,16.01,156,154,86,11,46,3
22:06,5.2040,16.01,159,154,87,11,46,3
22:07,5.2096,16.01,156,155,86,11,46,3
22:08,5.2139,16.01,154,155,85,11,46,3
22:09,5.2177,15.83,151,155,84,11,46,3
22:10,5.2232,15.64,151,155,84,11,46,3
22:11,5.2276,15.64,151,155,84,11,46,3
22:12,5.2307,15.64,145,155,82,11,46,3
22:13,5.2363,15.27,148,155,83,11,46,3
22:14,5.2413,15.45,151,155,84,11,46,3
22:15,5.2428,15.55,150,155,84,11,46,3
22:16,5.2444,15.64,148,155,83,11,46,3
22:17,5.2487,15.45,148,155,83,11,46,3
22:18,5.2543,15.45,148,155,83,11,46,3
22:19,5.2580,15.45,145,154,82,11,46,3
22:20,5.2630,15.27,145,155,82,11,46,3
22:21,5.2674,15.27,148,154,83,11,46,3
22:22,5.2717,15.45,148,155,83,11,46,3
22:23,5.2745,15.45,148,155,83,11,46,3
22:24,5.2773,15.45,148,155,83,11,46,3
22:25,5.2817,15.45,145,155,82,11,46,3
22:26,5.2860,15.27,145,154,82,11,46,3
22:27,5.2928,15.27,123,154,84,11,46,2
22:28,5.2972,15.64,120,155,83,11,46,2
22:29,5.3022,15.45,123,154,84,11,46,2
22:30,5.3043,15.55,124,154,85,11,46,2
22:31,5.3065,15.64,125,154,85,11,46,2
22:32,5.3102,15.83,123,155,84,11,46,2
22:33,5.3158,15.64,123,155,84,11,46,2
22:34,5.3208,15.64,130,155,87,11,46,2
22:35,5.3245,16.20,128,156,86,11,46,2
22:36,5.3267,16.11,126,156,85,11,46,2
22:37,5.3289,16.01,123,156,84,11,46,2
22:38,5.3326,15.64,123,156,84,11,46,2
22:39,5.3370,15.64,120,156,83,11,46,2
22:40,5.3419,15.45,120,156,83,11,46,2
22:41,5.3450,15.45,120,156,83,11,46,2
22:42,5.3500,15.45,123,157,84,11,46,2
22:43,5.3544,15.64,125,156,85,11,46,2
22:44,5.3587,15.83,125,156,85,11,46,2
22:45,5.3631,15.83,123,157,84,11,46,2
22:46,5.3693,15.64,120,157,83,11,46,2
22:47,5.3711,15.55,119,157,83,11,46,2
22:48,5.3730,15.45,118,157,82,11,46,2
22:49,5.3780,15.27,118,157,82,11,46,2
22:50,5.3823,15.45,120,157,83,11,46,2
22:51,5.3873,15.27,118,157,82,11,46,2
22:52,5.3910,15.27,123,157,84,11,46,2
22:53,5.3947,15.64,128,157,86,11,46,2
22:54,5.3997,16.01,125,156,85,11,46,2
22:55,5.4053,15.64,123,156,84,11,46,2
22:56,5.4097,15.64,125,156,85,11,46,2
22:57,5.4115,15.74,127,156,86,11,46,2
22:58,5.4134,15.83,128,156,86,11,46,2
22:59,5.4196,16.01,128,156,86,11,46,2
23:00,5.4233,16.01,125,156,85,11,46,2
23:01,5.4289,15.83,123,156,84,11,46,2
23:02,5.4333,15.64,123,156,84,11,46,2
23:03,5.4382,15.64,125,156,85,11,46,2
23:04,5.4432,15.83,130,156,87,11,46,2
23:05,5.4457,16.02,130,156,87,11,46,2
23:06,5.4482,16.20,130,156,87,11,46,2
23:07,5.4556,15.83,128,156,86,11,46,2
23:08,5.4600,15.45,123,156,84,11,46,2
23:09,5.4619,15.55,127,156.5,86,11,46,2
23:10,5.4637,15.64,130,157,87,11,46,2
23:11,5.4687,16.58,135,156,89,11,46,2
23:12,5.4724,16.58,135,156,89,11,46,2
23:13,5.4774,16.39,130,157,87,11,46,2
23:14,5.4817,16.20,130,157,87,11,46,2
23:15,5.4873,16.20,130,157,87,11,46,2
23:16,5.4911,15.83,125,157,85,11,46,2
23:17,5.4966,15.83,125,156,85,11,46,2
23:18,5.4991,15.92,127,156,86,11,46,2
23:19,5.5016,16.01,128,156,86,11,46,2
23:20,5.5060,16.01,128,156,86,11,46,2
23:21,5.5103,16.01,128,156,86,11,46,2
23:22,5.5159,16.01,128,156,86,11,46,2
23:23,5.5203,16.01,125,156,85,11,46,2
23:24,5.5252,15.83,123,156,84,11,46,2
23:25,5.5302,15.64,279,157,87,11,46,6
23:26,5.5330,15.92,284,157,88,11,46,6
23:27,5.5358,16.20,289,157,89,11,46,6
23:28,5.5401,16.58,289,157,89,11,46,6
23:29,5.5439,16.58,269,157,85,11,46,6
23:30,5.5482,15.83,264,157,84,11,46,6
23:31,5.5569,16.20,66,157,88,11,46,-1
23:32,5.5588,16.29,66,157.5,88,11,46,-1
23:33,5.5606,16.39,65,158,87,11,46,-1
23:34,5.5631,16.11,63,158,86,11,46,-1
23:35,5.5656,15.83,61,158,84,11,46,-1
23:36,5.5693,15.64,69,158,90,11,46,-1
23:37,5.5737,17.51,77,158,96,11,46,-1
23:38,5.5780,17.88,75,158,95,11,46,-1
23:39,5.5830,17.32,69,158,90,11,46,-1
23:40,5.5855,16.76,66,158,88,11,46,-1
23:41,5.5905,16.20,64,158,86,11,46,-1
23:42,5.5967,16.01,65,158,87,11,46,-1
23:43,5.6010,16.20,65,158,87,11,46,-1
23:44,5.6054,16.29,66,158,88,11,46,-1
23:45,5.6097,16.39,66,158,88,11,46,-1
23:46,5.6119,16.29,65,158,87,11,46,-1
23:47,5.6141,16.20,64,158,86,11,46,-1
23:48,5.6191,15.83,61,158,84,11,46,-1
23:49,5.6234,15.64,60,158,83,11,46,-1
23:50,5.6296,15.45,123,158,83,10,42,3
23:51,5.6337,15.31,126,158,84,10,42,3
23:52,5.6377,15.17,128,158,85,10,42,3
23:53,5.6399,15.08,126,158,84,10,42,3
23:54,5.6420,14.99,123,158,83,10,42,3
23:55,5.6470,14.63,126,158,84,10,42,3
23:56,5.6514,14.99,126,158,84,10,42,3
23:57,5.6557,14.99,126,158,84,11,46,2
23:58,5.6582,15.31,125,158.5,84,11,46,2
23:59,5.6607,15.64,123,159,84,11,46,2
24:00,5.6657,15.64,125,159,85,11,46,2
24:01,5.6713,15.83,123,159,84,11,46,2
24:02,5.6775,15.64,118,159,82,11,46,2
24:03,5.6812,15.27,113,159,80,11,46,2
24:04,5.6834,15.09,115,159,81,11,46,2
24:05,5.6855,14.90,116,159,81,11,46,2
24:06,5.6893,15.27,118,159,82,11,46,2
24:07,5.6930,15.27,120,160,83,11,46,2
24:08,5.6986,15.45,125,159,85,11,46,2
24:09,5.7023,15.83,125,159,85,11,46,2
24:10,5.7079,15.83,125,159,85,11,46,2
24:11,5.7116,15.83,123,159,84,11,46,2
24:12,5.7160,15.64,123,159,84,11,46,2
24:13,5.7216,15.64,123,159,84,11,46,2
24:14,5.7247,15.64,123,159,84,11,46,2
24:15,5.7275,15.55,121,159,83,11,46,2
24:16,5.7303,15.45,118,159,82,11,46,2
24:17,5.7340,15.27,118,158,82,11,46,2
24:18,5.7384,15.27,118,159,82,11,46,2
24:19,5.7427,15.27,120,159,83,11,46,2
24:20,5.7471,15.45,120,159,83,11,46,2
24:21,5.7527,15.45,120,159,83,11,46,2
24:22,5.7570,15.45,120,159,83,11,46,2
24:23,5.7607,15.45,120,159,83,11,46,2
24:24,5.7663,15.45,120,159,83,11,46,2
24:25,5.7701,15.45,123,160,84,11,46,2
24:26,5.7728,15.55,123,160,84,11,46,2
24:27,5.7756,15.64,123,160,84,11,46,2
24:28,5.7800,15.64,120,160,83,11,46,2
24:29,5.7831,15.45,118,160,82,11,46,2
24:30,5.7887,15.27,120,158,83,11,46,2
24:31,5.7930,15.45,123,158,84,11,46,2
24:32,5.7980,15.64,123,158,84,11,46,2
24:33,5.8024,15.64,123,158,84,11,46,2
24:34,5.8080,15.64,123,158,84,11,46,2
24:35,5.8117,15.64,123,158,84,11,46,2
24:36,5.8160,15.64,125,158,85,11,46,2
24:37,5.8210,15.83,123,158,84,11,46,2
24:38,5.8232,15.74,123,158,84,11,46,2
24:39,5.8254,15.64,123,158,84,11,46,2
24:40,5.8309,15.83,125,158,85,11,46,2
24:41,5.8347,15.83,123,158,84,11,46,2
24:42,5.8390,15.64,123,158,84,11,46,2
24:43,5.8428,15.64,120,157,83,11,46,2
24:44,5.8477,15.45,118,158,82,11,46,2
24:45,5.8515,15.27,116,158,81,11,46,2
24:46,5.8564,15.27,123,158,84,11,46,2
24:47,5.8601,15.64,123,158,84,11,46,2
24:48,5.8648,15.64,124,158,85,11,46,2
24:49,5.8695,15.64,125,158,85,11,46,2
24:50,5.8738,15.83,125,158,85,11,46,2
24:51,5.8763,15.83,124,158,85,11,46,2
24:52,5.8788,15.83,123,158,84,11,46,2
24:53,5.8825,15.64,120,158,83,11,46,2
24:54,5.8881,15.45,120,158,83,11,46,2
24:55,5.8918,15.45,118,158,82,11,46,2
24:56,5.8956,15.27,116,158,81,11,46,2
24:57,5.9018,15.08,116,158,81,11,46,2
24:58,5.9043,15.08,115,158,81,11,46,2
24:59,5.9068,15.08,113,158,80,11,46,2
25:00,5.9105,14.90,113,158,80,11,46,2
25:01,5.9142,14.90,118,158,82,11,46,2
25:02,5.9186,15.27,116,158,81,11,46,2
25:03,5.9223,15.08,113,158,80,11,46,2
25:04,5.9260,14.71,111,158,79,11,46,2
25:05,5.9310,14.90,113,156,80,11,46,2
25:06,5.9347,14.90,109,157,78,11,46,2
25:07,5.9391,14.34,107,157,77,11,46,2
25:08,5.9428,14.34,116,156,81,11,46,2
25:09,5.9450,14.71,116,156,81,11,46,2
25:10,5.9471,15.08,116,156,81,11,46,2
25:11,5.9521,15.08,111,156,79,11,46,2
25:12,5.9558,14.71,116,156,81,11,46,2
25:13,5.9602,15.08,118,156,82,11,46,2
25:14,5.9639,15.27,116,156,81,11,46,2
25:15,5.9689,15.08,118,156,82,11,46,2
25:16,5.9726,15.27,120,155,83,11,46,2
25:17,5.9770,15.45,120,155,83,11,46,2
25:18,5.9813,15.45,120,155,83,11,46,2
25:19,5.9857,15.45,128,155,86,11,46,2
25:20,5.9882,15.73,126,155,85,11,46,2
25:21,5.9906,16.01,123,155,84,11,46,2
25:22,5.9950,15.64,123,155,84,11,46,2
25:23,5.9993,15.64,125,155,85,11,46,2
25:24,6.0037,15.83,123,156,84,11,46,2
25:25,6.0074,15.64,123,156,84,11,46,2
25:26,6.0124,15.64,120,156,83,11,46,2
25:27,6.0167,15.45,118,156,82,11,46,2
25:28,6.0223,15.27,118,156,82,11,46,2
25:29,6.0267,15.27,118,156,82,11,46,2
25:30,6.0304,15.27,120,156,83,11,46,2
25:31,6.0372,15.45,120,157,83,11,46,2
25:32,6.0397,15.45,120,157,83,11,46,2
25:33,6.0422,15.45,120,157,83,11,46,2
25:34,6.0459,15.45,118,157,82,11,46,2
25:35,6.0497,15.27,120,157,83,11,46,2
25:36,6.0553,15.45,120,157,83,11,46,2
25:37,6.0596,15.45,120,157,83,11,46,2
25:38,6.0640,15.45,120,157,83,11,46,2
25:39,6.0689,15.45,123,157,84,11,46,2
25:40,6.0727,15.64,123,156,84,11,46,2
25:41,6.0751,15.64,124,156,85,11,46,2
25:42,6.0776,15.64,125,156,85,11,46,2
25:43,6.0820,15.83,130,156,87,11,46,2
25:44,6.0876,16.20,130,156,87,11,46,2
25:45,6.0919,16.20,128,156,86,11,46,2
25:46,6.0956,16.01,130,156,87,11,46,2
25:47,6.1012,16.20,132,156,88,11,46,2
25:48,6.1056,16.39,132,157,88,11,46,2
25:49,6.1093,16.39,211,157,89,11,46,4
25:50,6.1130,16.39,289,157,89,11,46,6
25:51,6.1174,16.58,289,157,89,11,46,6
25:52,6.1217,16.20,259,156,83,11,46,6
25:53,6.1267,15.45,239,156,79,11,46,6
25:54,6.1304,14.71,264,156,84,11,46,6
25:55,6.1348,15.64,264,156,84,11,46,6
25:56,6.1391,15.45,249,157,81,11,46,6
25:57,6.1435,15.08,254,157,82,11,46,6
25:58,6.1457,15.18,257,157,83,11,46,6
25:59,6.1478,15.27,259,157,83,11,46,6
26:00,6.1510,15.45,269,158,85,11,46,6
26:01,6.1559,16.01,274,158,86,11,46,6
26:02,6.1615,15.83,269,158,85,11,46,6
26:03,6.1659,16.01,274,158,86,11,46,6
26:04,6.1715,16.01,274,159,86,11,46,6
26:05,6.1739,16.01,272,159,86,11,46,6
26:06,6.1764,16.01,269,159,85,11,46,6
26:07,6.1808,15.83,264,159,84,11,46,6
26:08,6.1864,15.64,70,159,81,11,46,0
26:09,6.1907,15.08,68,159,80,11,46,0
26:10,6.1957,14.90,65,159,78,11,46,0
26:11,6.1994,14.53,60,160,74,11,46,0
26:12,6.2013,14.15,61,160,75,11,46,0
26:13,6.2031,13.78,61,160,75,11,46,0
26:14,6.2081,13.97,62,159,76,11,46,0
26:15,6.2118,14.15,62,159,76,11,46,0
26:16,6.2168,14.15,62,159,76,11,46,0
26:17,6.2205,14.15,64,159,77,11,46,0
26:18,6.2249,14.34,65,159,78,11,46,0
26:19,6.2292,14.53,65,160,78,11,46,0
26:20,6.2342,14.53,67,158,79,11,46,0
26:21,6.2386,14.71,67,159,79,11,46,0
26:22,6.2423,14.71,65,159,78,11,46,0
26:23,6.2448,14.62,65,159,78,11,46,0
26:24,6.2473,14.53,65,159,78,11,46,0
26:25,6.2504,14.53,64,159,77,11,46,0
26:26,6.2547,14.34,64,159,77,11,46,0
26:27,6.2597,14.34,65,159,78,11,46,0
26:28,6.2628,14.53,65,159,78,11,46,0
26:29,6.2678,14.71,68,159,80,11,46,0
26:30,6.2715,14.90,70,159,81,11,46,0
26:31,6.2771,15.08,70,159,81,11,46,0
26:32,6.2796,15.08,71,159,82,11,46,0
26:33,6.2852,15.27,71,160,82,11,46,0
26:34,6.2877,15.27,71,159.5,82,11,46,0
26:35,6.2901,15.27,70,159,81,11,46,0
26:36,6.2932,15.08,68,159,80,11,46,0
26:37,6.2988,14.90,68,160,80,11,46,0
26:38,6.3026,14.90,70,159,81,11,46,0
26:39,6.3069,15.08,68,160,80,11,46,0
26:40,6.3113,14.90,65,160,78,11,46,0
26:41,6.3169,14.53,26,160,77,11,46,-4
26:42,6.3187,14.43,27,160,79,11,46,-4
26:43,6.3206,14.34,28,160,81,11,46,-4
26:44,6.3256,15.45,32,160,88,11,46,-4
26:45,6.3299,16.39,32,160,88,11,46,-4
26:46,6.3336,16.39,34,160,90,11,46,-4
26:47,6.3386,16.76,34,160,91,11,46,-4
26:48,6.3430,16.94,34,160,90,11,46,-4
26:49,6.3473,16.76,33,160,89,11,46,-4
26:50,6.3529,16.58,33,160,89,11,46,-4
26:51,6.3572,16.58,33,159,89,11,46,-4
26:52,6.3622,16.58,34,159,90,11,46,-4
26:53,6.3647,16.67,34,158.5,91,11,46,-4
26:54,6.3672,16.76,34,158,91,11,46,-4
26:55,6.3722,17.14,36,158,93,11,46,-4
26:56,6.3765,17.32,37,158,95,11,46,-4
26:57,6.3802,17.69,38,159,96,11,46,-4
26:58,6.3858,17.88,37,159,95,11,46,-4
26:59,6.3902,17.69,37,159,94,11,46,-4
27:00,6.3952,17.51,37,159,94,11,46,-4
27:01,6.3989,17.51,38,159,95,11,46,-4
27:02,6.4026,17.51,38,159,96,11,46,-4
27:03,6.4076,17.88,38,159,96,11,46,-4
27:04,6.4119,17.88,37,159,95,11,46,-4
27:05,6.4188,17.69,37,159,95,11,46,-4
27:06,6.4231,17.69,38,157,96,11,46,-4
27:07,6.4293,17.88,38,157,96,11,46,-4
27:08,6.4343,17.88,38,157,96,11,46,-4
27:09,6.4393,17.88,38,157,96,11,46,-4
27:10,6.4414,17.88,38,157,95,11,46,-4
27:11,6.4436,17.88,37,157,94,11,46,-4
27:12,6.4480,17.51,36,156,93,11,46,-4
27:13,6.4536,17.32,35,156,92,11,46,-4
27:14,6.4585,17.14,36,156,93,11,46,-4
27:15,6.4635,17.32,37,156,94,11,46,-4
27:16,6.4679,17.51,37,156,94,11,46,-4
27:17,6.4734,17.51,37,156,94,11,46,-4
27:18,6.4790,17.51,36,156,93,11,46,-4
27:19,6.4840,17.32,36,155,93,11,46,-4
27:20,6.4868,17.32,36,155,93,11,46,-4
27:21,6.4896,17.32,36,155,93,11,46,-4
27:22,6.4989,17.14,35,154,92,11,46,-4
27:23,6.5011,17.14,35,154,92,11,46,-4
27:24,6.5033,17.14,35,154,92,11,46,-4
27:25,6.5076,17.14,34,154,90,11,46,-4
27:26,6.5126,16.76,34,153,90,11,46,-4
27:27,6.5182,16.76,33,153,89,11,46,-4
27:28,6.5219,16.58,34,153,90,11,46,-4
27:29,6.5275,16.76,34,152,91,11,46,-4
27:30,6.5325,16.94,34,152,91,11,46,-4
27:31,6.5362,16.85,34,151.5,91,11,46,-4
27:32,6.5399,16.76,34,151,90,11,46,-4
27:33,6.5443,16.76,34,151,90,11,46,-4
27:34,6.5499,16.76,34,151,91,11,46,-4
27:35,6.5542,16.94,35,150,92,11,46,-4
27:36,6.5592,17.14,36,150,93,11,46,-4
27:37,6.5635,17.32,37,149,95,11,46,-4
27:38,6.5679,17.69,38,148,96,11,46,-4
27:39,6.5741,17.88,38,148,96,11,46,-4
27:40,6.5791,17.88,38,148,96,11,46,-4
27:41,6.5819,17.88,39,148,97,11,46,-4
27:42,6.5847,17.88,39,148,97,11,46,-4
27:43,6.5896,18.06,39,149,97,11,46,-4
27:44,6.5959,17.88,39,150,97,11,46,-4
27:45,6.6002,18.06,39,150,98,11,46,-4
27:46,6.6052,18.25,39,151,97,11,46,-4
27:47,6.6101,18.06,38,151,96,11,46,-4
27:48,6.6151,17.88,37,151,95,11,46,-4
27:49,6.6207,17.88,38,151,96,11,46,-4
27:50,6.6257,17.88,38,151,96,11,46,-4
27:51,6.6306,17.88,39,151,97,11,46,-4
27:52,6.6362,18.06,39,151,97,11,46,-4
27:53,6.6387,18.06,39,151,97,11,46,-4
27:54,6.6412,18.06,39,151,97,11,46,-4
27:55,6.6462,18.06,39,150,97,11,46,-4
27:56,6.6524,18.06,39,150,98,11,46,-4
27:57,6.6574,18.25,39,150,98,11,46,-4
27:58,6.6636,18.25,39,150,97,11,46,-4
27:59,6.6686,18.06,39,151,98,11,46,-4
28:00,6.6735,18.25,40,151,99,11,46,-4
28:01,6.6810,18.44,41,151,101,11,46,-4
28:02,6.6841,18.63,41,151,101,11,46,-4
28:03,6.6872,18.81,41,151,100,11,46,-4
28:04,6.6928,18.62,41,152,100,11,46,-4
28:05,6.6984,18.62,40,152,99,11,46,-4
28:06,6.7034,18.44,39,152,98,11,46,-4
28:07,6.7083,18.25,39,152,98,11,46,-4
28:08,6.7145,18.25,41,152,100,11,46,-4
28:09,6.7195,18.81,41,152,101,11,46,-4
28:10,6.7257,18.81,40,152,99,11,46,-4
28:11,6.7301,18.44,39,151,97,11,46,-4
28:12,6.7326,18.25,39,151,97,11,46,-4
28:13,6.7350,18.06,39,151,97,11,46,-4
28:14,6.7425,18.06,95,151,97,11,46,0
28:15,6.7487,18.06,95,151,97,11,46,0
28:16,6.7537,18.06,95,151,97,11,46,0
28:17,6.7587,18.06,93,151,96,11,46,0
28:18,6.7642,17.88,92,151,95,11,46,-2
28:19,6.7677,17.78,76,151,95,11,46,-2
28:20,6.7711,17.69,59,151,95,11,46,-2
28:21,6.7754,17.69,60,151,96,11,46,-2
28:22,6.7804,17.88,60,151,96,11,46,-2
28:23,6.7854,17.88,60,151,96,11,46,-2
28:24,6.7916,17.88,60,151,96,11,46,-2
28:25,6.7978,17.88,60,150,96,11,46,-2
28:26,6.8028,17.88,61,150,97,11,46,-2
28:27,6.8081,17.97,61,150.5,97,11,46,-2
28:28,6.8133,18.06,61,151,97,11,46,-2
28:29,6.8183,18.06,62,152,98,11,46,-2
28:30,6.8227,18.06,63,151,99,11,46,-2
28:31,6.8270,18.06,63,150,99,11,46,-2
28:32,6.8332,18.44,62,149,98,11,46,-2
28:33,6.8376,18.25,61,149,97,11,46,-2
28:34,6.8407,18.16,61,149,97,11,46,-2
28:35,6.8438,18.06,61,149,97,11,46,-2
28:36,6.8488,18.06,61,149,97,11,46,-2
28:37,6.8531,17.88,61,149,97,11,46,-2
28:38,6.8593,18.25,61,149,97,11,46,-2
28:39,6.8643,18.06,63,150,99,11,46,-2
28:40,6.8693,18.44,61,150,97,11,46,-2
28:41,6.8755,18.06,61,149,97,11,46,-2
28:42,6.8817,18.06,60,150,96,11,46,-2
28:43,6.8867,17.88,60,149,96,11,46,-2
28:44,6.8910,17.88,60,149,96,11,46,-2
28:45,6.8935,17.88,60,149,96,11,46,-2
28:46,6.8960,17.88,60,149,96,11,46,-2
28:47,6.9003,17.88,59,150,95,11,46,-2
28:48,6.9047,17.51,58,150,94,11,46,-2
28:49,6.9084,17.32,58,150,94,11,46,-2
28:50,6.9140,17.69,61,150,97,11,46,-2
28:51,6.9196,18.06,62,150,98,11,46,-2
28:52,6.9246,18.25,63,150,99,11,46,-2
28:53,6.9295,18.25,61,150,97,11,46,-2
28:54,6.9357,18.06,61,150,97,11,46,-2
28:55,6.9420,18.06,62,151,98,11,46,-2
28:56,6.9444,18.16,62,151,98,11,46,-2
28:57,6.9469,18.25,62,151,98,11,46,-2
28:58,6.9513,18.25,62,152,98,11,46,-2
28:59,6.9575,18.25,61,151,97,11,46,-2
29:00,6.9631,18.06,61,151,97,11,46,-2
29:01,6.9705,18.06,61,151,97,11,46,-2
29:02,6.9736,18.06,61,151,97,11,46,-2
29:03,6.9768,18.06,61,151,97,11,46,-2
29:04,6.9811,18.06,60,150,96,11,46,-2
29:05,6.9855,17.88,57,150,93,11,46,-2
29:06,6.9904,17.32,47,151,83,11,46,-2
29:07,6.9942,15.45,46,151,82,11,46,-2
29:08,6.9979,15.27,49,151,85,11,46,-2
29:09,7.0029,15.83,56,151,92,11,46,-2
29:10,7.0066,17.14,60,151,96,11,46,-2
29:11,7.0122,18.06,62,151,98,11,46,-2
29:12,7.0178,18.25,61,151,97,11,46,-2
29:13,7.0240,18.06,61,151,97,11,46,-2
29:14,7.0262,18.06,61,150.5,97,11,46,-2
29:15,7.0283,18.06,60,150,96,11,46,-2
29:16,7.0333,18.06,61,151,97,11,46,-2
29:17,7.0389,18.06,62,151,98,11,46,-2
29:18,7.0439,18.25,62,152,98,11,46,-2
29:19,7.0501,18.25,61,152,97,11,46,-2
29:20,7.0550,18.06,61,152,97,11,46,-2
29:21,7.0600,18.06,62,152,98,11,46,-2
29:22,7.0669,18.25,62,152,98,11,46,-2
29:23,7.0712,18.25,62,153,98,11,46,-2
29:24,7.0743,18.25,63,153,99,11,46,-2
29:25,7.0774,18.25,63,153,99,11,46,-2
29:26,7.0824,18.44,64,153,100,11,46,-2
29:27,7.0874,18.62,65,153,101,11,46,-2
29:28,7.0936,18.81,65,153,101,11,46,-2
29:29,7.0992,18.81,65,153,101,11,46,-2
29:30,7.1054,18.81,66,154,102,11,46,-2
29:31,7.1091,19.00,66,154,102,11,46,-2
29:32,7.1135,18.91,66,154,102,11,46,-2
29:33,7.1178,18.81,65,154,101,11,46,-2
29:34,7.1228,18.81,64,154,100,11,46,-2
29:35,7.1290,18.44,64,154,100,11,46,-2
29:36,7.1340,18.62,65,154,101,11,46,-2
29:37,7.1402,19.00,66,154,102,11,46,-2
29:38,7.1439,19.00,67,155,103,11,46,-2
29:39,7.1501,19.37,70,155,106,11,46,-2
29:40,7.1570,19.75,70,155,106,11,46,-2
29:41,7.1625,19.75,68,155,104,11,46,-2
29:42,7.1688,19.37,67,156,103,11,46,-2
29:43,7.1712,19.27,67,156,103,11,46,-2
29:44,7.1737,19.18,66,156,102,11,46,-2
29:45,7.1787,18.81,64,156,100,11,46,-2
29:46,7.1849,18.44,62,156,98,11,46,-2
29:47,7.1899,18.06,61,156,97,11,46,-2
29:48,7.1961,18.06,60,156,96,11,46,-2
29:49,7.2011,17.88,60,156,96,11,46,-2
29:50,7.2060,17.88,60,156,96,11,46,-2
29:51,7.2123,17.88,60,156,96,11,46,-2
29:52,7.2166,17.88,59,155,95,11,46,-2
29:53,7.2222,17.69,58,155,94,11,46,-2
29:54,7.2241,17.60,57,154.5,93,11,46,-2
29:55,7.2259,17.51,56,154,92,11,46,-2
29:56,7.2315,17.14,56,155,92,11,46,-2
29:57,7.2352,17.14,56,154,92,11,46,-2
29:58,7.2396,17.14,56,154,92,11,46,-2
29:59,7.2452,17.14,58,154,94,11,46,-2
30:00,7.2489,17.51,57,154,93,11,46,-2
30:01,7.2570,17.32,58,154,94,11,46,-2
30:02,7.2595,17.41,59,154.5,95,11,46,-2
30:03,7.2620,17.51,59,155,95,11,46,-2
30:04,7.2669,17.69,61,154,97,11,46,-2
30:05,7.2719,18.06,62,154,98,11,46,-2
30:06,7.2775,18.25,63,154,99,11,46,-2
30:07,7.2818,18.44,64,154,100,11,46,-2
30:08,7.2887,18.44,62,154,98,11,46,-2
30:09,7.2943,18.25,62,155,98,11,46,-2
30:10,7.2974,18.25,62,155,98,11,46,-2
30:11,7.3005,18.25,61,155,97,11,46,-2
30:12,7.3055,18.06,61,156,97,11,46,-2
30:13,7.3098,18.06,61,156,97,11,46,-2
30:14,7.3154,18.06,62,156,98,11,46,-2
30:15,7.3210,18.25,64,156,100,11,46,-2
30:16,7.3272,18.62,64,156,100,11,46,-2
30:17,7.3322,18.62,64,156,100,11,46,-2
30:18,7.3371,18.62,66,157,102,11,46,-2
30:19,7.3421,19.00,67,157,103,11,46,-2
30:20,7.3483,19.18,68,157,104,11,46,-2
30:21,7.3521,19.37,65,157,101,11,46,-2
30:22,7.3601,18.62,63,157,99,11,46,-2
30:23,7.3651,18.44,64,157,100,11,46,-2
30:24,7.3679,18.53,65,157,101,11,46,-2
30:25,7.3707,18.62,66,157,102,11,46,-2
30:26,7.3757,19.00,65,157,101,11,46,-2
30:27,7.3819,18.81,64,157,100,11,46,-2
30:28,7.3869,18.62,63,157,99,11,46,-2
30:29,7.3918,18.44,63,157,99,11,46,-2
30:30,7.3980,18.44,64,157,100,11,46,-2
30:31,7.4061,18.62,65,156,101,11,46,-2
30:32,7.4086,18.72,65,156,101,11,46,-2
30:33,7.4111,18.81,65,156,101,11,46,-2
30:34,7.4173,18.81,66,156,102,11,46,-2
30:35,7.4223,19.00,67,156,103,11,46,-2
30:36,7.4272,19.18,67,156,103,11,46,-2
30:37,7.4328,19.18,64,156,100,11,46,-2
30:38,7.4378,18.62,64,157,100,11,46,-2
30:39,7.4440,18.44,63,156,99,11,46,-2
30:40,7.4496,18.44,63,157,99,11,46,-2
30:41,7.4521,18.44,63,157.5,99,11,46,-2
30:42,7.4546,18.44,63,158,99,11,46,-2
30:43,7.4596,18.44,62,158,98,11,46,-2
30:44,7.4652,18.25,63,158,99,11,46,-2
30:45,7.4720,18.44,62,158,98,11,46,-2
30:46,7.4770,18.25,63,158,99,11,46,-2
30:47,7.4832,18.44,63,158,99,11,46,-2
30:48,7.4881,18.44,63,158,99,11,46,-2
30:49,7.4925,18.44,62,158,98,11,46,-2
30:50,7.4987,17.88,59,157,95,11,46,-2
30:51,7.5031,17.69,59,157,95,11,46,-2
30:52,7.5059,17.69,60,157,96,11,46,-2
30:53,7.5086,17.69,60,157,96,11,46,-2
30:54,7.5124,17.88,62,158,98,11,46,-2
30:55,7.5180,18.25,64,158,100,11,46,-2
30:56,7.5242,18.62,62,158,98,11,46,-2
30:57,7.5292,18.25,61,158,97,11,46,-2
30:58,7.5347,18.06,61,158,97,11,46,-2
30:59,7.5403,18.06,62,159,98,11,46,-2
31:00,7.5466,18.44,64,159,100,11,46,-2
31:01,7.5506,18.53,64,159,100,11,46,-2
31:02,7.5546,18.62,63,159,99,11,46,-2
31:03,7.5584,18.44,63,159,99,11,46,-2
31:04,7.5646,18.44,63,159,99,11,46,-2
31:05,7.5702,18.44,64,159,100,11,46,-2
31:06,7.5758,18.62,64,160,100,11,46,-2
31:07,7.5807,18.62,64,160,100,11,46,-2
31:08,7.5869,18.62,64,159,100,11,46,-2
31:09,7.5907,18.62,64,159,100,11,46,-2
31:10,7.5938,18.62,64,159,100,11,46,-2
31:11,7.5969,18.62,63,159,99,11,46,-2
31:12,7.6031,18.44,62,158,98,11,46,-2
31:13,7.6093,18.25,62,158,98,11,46,-2
31:14,7.6149,18.25,62,158,98,11,46,-2
31:15,7.6199,18.25,62,158,98,11,46,-2
31:16,7.6255,18.25,63,158,99,11,46,-2
31:17,7.6304,18.44,64,158,100,11,46,-2
31:18,7.6373,18.62,64,158,100,11,46,-2
31:19,7.6422,18.62,64,158,100,11,46,-2
31:20,7.6447,18.62,65,158,101,11,46,-2
31:21,7.6472,18.62,65,158,101,11,46,-2
31:22,7.6522,18.81,64,158,100,11,46,-2
31:23,7.6584,18.62,63,158,99,11,46,-2
31:24,7.6646,18.44,63,159,99,11,46,-2
31:25,7.6696,18.44,62,158,98,11,46,-2
31:26,7.6752,18.25,61,158,97,11,46,-2
31:27,7.6808,18.06,60,159,96,11,46,-2
31:28,7.6864,17.69,59,159,95,11,46,-2
31:29,7.6913,17.69,58,159,94,11,46,-2
31:30,7.6963,17.51,58,159,94,11,46,-2
31:31,7.6997,17.51,59,159,95,11,46,-2
31:32,7.7031,17.51,59,159,95,11,46,-2
31:33,7.7075,17.69,58,159,94,11,46,-2
31:34,7.7137,17.51,58,159,94,11,46,-2
31:35,7.7187,17.51,59,159,95,11,46,-2
31:36,7.7236,17.51,59,159,95,11,46,-2
31:37,7.7286,17.69,60,159,96,11,46,-2
31:38,7.7314,17.78,60,159,96,11,46,-2
31:39,7.7342,17.88,60,159,96,11,46,-2
31:40,7.7386,17.88,59,159,95,11,46,-2
31:41,7.7429,17.69,58,159,94,11,46,-2
31:42,7.7473,17.69,61,159,97,11,46,-2
31:43,7.7522,18.06,60,159,96,11,46,-2
31:44,7.7578,17.88,61,159,97,11,46,-2
31:45,7.7628,18.06,62,159,98,11,46,-2
31:46,7.7678,18.06,61,159,97,11,46,-2
31:47,7.7740,18.06,61,159,97,11,46,-2
31:48,7.7789,18.06,60,159,96,11,46,-2
31:49,7.7811,17.97,62,158.5,98,11,46,-2
31:50,7.7833,17.88,63,158,99,11,46,-2
31:51,7.7895,18.44,64,159,100,11,46,-2
31:52,7.7945,18.62,64,159,100,11,46,-2
31:53,7.8007,18.62,64,159,100,11,46,-2
31:54,7.8057,18.62,65,159,101,11,46,-2
31:55,7.8119,18.81,64,159,100,11,46,-2
31:56,7.8200,18.62,64,158,100,11,46,-2
31:57,7.8224,18.62,64,158,100,11,46,-2
31:58,7.8249,18.62,63,158,99,11,46,-2
31:59,7.8299,18.44,62,158,98,11,46,-2
32:00,7.8380,18.25,62,158,98,11,46,-2
32:01,7.8479,18.25,62,158,98,11,46,-2
32:02,7.8501,18.25,63,158,99,11,46,-2
32:03,7.8523,18.25,63,158,99,11,46,-2
32:04,7.8572,18.44,62,157,98,11,46,-2
32:05,7.8635,18.25,62,157,98,11,46,-2
32:06,7.8684,18.25,61,157,97,11,46,-2
32:07,7.8715,18.16,61,157,97,11,46,-2
32:08,7.8746,18.06,61,157,97,11,46,-2
32:09,7.8796,18.06,61,157,97,11,46,-2
32:10,7.8846,18.25,62,158,98,11,46,-2
32:11,7.8902,18.25,62,158,98,11,46,-2
32:12,7.8958,18.25,62,158,98,11,46,-2
32:13,7.9020,18.25,60,158,96,11,46,-2
32:14,7.9057,17.88,58,158,94,11,46,-2
32:15,7.9119,17.51,59,158,95,11,46,-2
32:16,7.9156,17.69,62,158,98,11,46,-2
32:17,7.9200,18.25,62,158,98,11,46,-2
32:18,7.9225,18.25,61,158,97,11,46,-2
32:19,7.9250,18.25,60,158,96,11,46,-2
32:20,7.9318,17.88,60,158,96,11,46,-2
32:21,7.9386,17.88,95,158,97,11,46,0
32:22,7.9448,18.06,95,158,97,11,46,0
32:23,7.9498,18.06,95,158,97,11,46,0
32:24,7.9529,18.06,95,158,97,11,46,0
32:25,7.9560,18.06,95,158,97,11,46,0
32:26,7.9610,18.06,95,158,97,11,46,0
32:27,7.9660,18.06,96,158,98,11,46,0
32:28,7.9716,18.25,95,158,97,11,46,0
32:29,7.9772,18.06,95,158,97,11,46,0
32:30,7.9828,18.06,92,158,95,11,46,0
32:31,7.9883,17.69,92,158,95,11,46,0
32:32,7.9933,17.88,96,158,98,11,46,0
32:33,7.9983,18.25,96,158,98,11,46,0
32:34,8.0033,18.25,95,158,97,11,46,0
32:35,8.0064,18.16,94,158,97,11,46,0
32:36,8.0095,18.06,93,158,96,11,46,0
32:37,8.0144,17.88,92,158,95,11,46,0
32:38,8.0207,17.69,92,158,95,11,46,0
32:39,8.0250,17.69,92,158,95,11,46,0
32:40,8.0312,17.69,92,159,95,11,46,0
32:41,8.0362,17.69,90,159,94,11,46,0
32:42,8.0384,17.60,89,159,93,11,46,0
32:43,8.0405,17.51,87,159,92,11,46,0
32:44,8.0449,17.14,84,159,90,11,46,0
32:45,8.0492,16.76,85,159,91,11,46,0
32:46,8.0542,16.76,81,159,88,11,46,0
32:47,8.0586,16.39,79,160,87,11,46,0
32:48,8.0629,16.20,76,160,85,11,46,0
32:49,8.0666,15.83,74,157,84,11,46,0
32:50,8.0704,15.64,70,158,81,11,46,0
32:51,8.0753,15.08,67,158,79,11,46,0
32:52,8.0778,14.89,66,157.5,79,11,46,0
32:53,8.0803,14.71,65,157,78,11,46,0
32:54,8.0847,14.53,65,158,78,11,46,0
32:55,8.0878,14.53,68,157,80,11,46,0
32:56,8.0927,14.90,65,157,78,11,46,0
32:57,8.0965,14.53,64,157,77,11,46,0
32:58,8.1008,14.15,64,157,77,11,46,0
32:59,8.1045,14.34,64,157,77,11,46,0
33:00,8.1083,14.34,62,157,76,1,4,0
